tale	seg_id	tok_id	form	lemma	upos	xpos	feats	head	deprel
aarets-historie	0	0	Det	det	PRON	PRON	Case=Acc|Gender=Neut|Number=Sing|Person=3|PronType=Prs	13	nsubj
aarets-historie	0	1	var	være	AUX	AUX	Mood=Ind|Tense=Past|VerbForm=Fin|Voice=Act	13	cop
aarets-historie	0	2	sidst	sidst	ADV	ADV	_	1	advmod
aarets-historie	0	3	i	i	ADP	ADP	AdpType=Prep	4	case
aarets-historie	0	4	Januar	Januar	NOUN	NOUN	Definite=Ind|Gender=Com|Number=Sing	1	obl
aarets-historie	0	5	;	;	PUNCT	PUNCT	_	13	punct
aarets-historie	0	6	en	en	DET	DET	Gender=Com|Number=Sing|PronType=Ind	8	det
aarets-historie	0	7	frygtelig	frygtelig	ADJ	ADJ	Definite=Ind|Degree=Pos|Gender=Com|Number=Sing	8	amod
aarets-historie	0	8	Snestorm	Snestorm	NOUN	NOUN	Definite=Ind|Gender=Com|Number=Sing	13	nsubj
aarets-historie	0	9	var	være	AUX	AUX	Mood=Ind|Tense=Past|VerbForm=Fin|Voice=Act	13	aux
aarets-historie	0	10	det	det	PRON	PRON	Case=Acc|Gender=Neut|Number=Sing|Person=3|PronType=Prs	13	nsubj
aarets-historie	0	11	;	;	PUNCT	PUNCT	_	12	punct
aarets-historie	0	12	snen	sn	NOUN	NOUN	Definite=Def|Gender=Com|Number=Sing	10	conj
aarets-historie	0	13	fløj	flyve	VERB	VERB	Mood=Ind|Tense=Past|VerbForm=Fin|Voice=Act	13	ROOT
aarets-historie	0	14	i	i	ADP	ADP	AdpType=Prep	16	case
aarets-historie	0	15	fygende	fyge	VERB	VERB	Tense=Pres|VerbForm=Part	16	amod
aarets-historie	0	16	Hvirvel	hvirvel	NOUN	NOUN	Definite=Ind|Gender=Com|Number=Sing	13	obl
aarets-historie	0	17	gennem	gennem	ADP	ADP	AdpType=Prep	18	case
aarets-historie	0	18	Gader	Gade	NOUN	NOUN	Definite=Ind|Gender=Com|Number=Plur	13	obl
aarets-historie	0	19	og	og	CCONJ	CCONJ	_	20	cc
aarets-historie	0	20	Stræder	Stræde	NOUN	NOUN	Definite=Ind|Gender=Com|Number=Sing	18	conj
aarets-historie	0	21	;	;	PUNCT	PUNCT	_	18	punct
aarets-historie	0	22	Ruderne	Ruderne	NOUN	NOUN	Definite=Def|Gender=Com|Number=Plur	26	nsubj
aarets-historie	0	23	udenpå	udenpå	ADV	ADV	Degree=Pos	26	advmod
aarets-historie	0	24	var	være	AUX	AUX	Mood=Ind|Tense=Past|VerbForm=Fin|Voice=Act	26	cop
aarets-historie	0	25	som	som	ADP	ADP	PartType=Inf	26	case
aarets-historie	0	26	overklistrede	overklistret	VERB	VERB	Number=Plur|Tense=Past|VerbForm=Part	18	amod
aarets-historie	0	27	med	med	ADP	ADP	AdpType=Prep	28	case
aarets-historie	0	28	Sne	sne	NOUN	NOUN	Definite=Ind|Gender=Com|Number=Sing	26	obl
aarets-historie	0	29	,	,	PUNCT	PUNCT	_	26	punct
aarets-historie	0	30	fra	fra	ADP	ADP	AdpType=Prep	31	case
aarets-historie	0	31	Tagene	Tagene	NOUN	NOUN	Definite=Def|Gender=Com|Number=Plur	13	obl
aarets-historie	0	32	styrtede	styrte	VERB	VERB	Mood=Ind|Tense=Past|VerbForm=Fin|Voice=Act	13	conj
aarets-historie	0	33	den	den	PRON	PRON	Case=Acc|Gender=Com|Number=Sing|Person=3|PronType=Prs	32	obj
aarets-historie	0	34	i	i	ADP	ADP	AdpType=Prep	35	case
aarets-historie	0	35	Dynger	Dynger	PROPN	PROPN	_	32	obl
aarets-historie	0	36	,	,	PUNCT	PUNCT	_	39	punct
aarets-historie	0	37	og	og	CCONJ	CCONJ	_	39	cc
aarets-historie	0	38	så	så	ADV	ADV	_	39	advmod
aarets-historie	0	39	var	være	VERB	VERB	Mood=Ind|Tense=Past|VerbForm=Fin|Voice=Act	32	conj
aarets-historie	0	40	der	der	ADV	ADV	PartType=Inf	39	expl
aarets-historie	0	41	en	en	DET	DET	Gender=Com|Number=Sing|PronType=Ind	42	det
aarets-historie	0	42	Flugt	Flugt	NOUN	NOUN	Definite=Ind|Gender=Com|Number=Sing	39	obj
aarets-historie	0	43	i	i	ADP	ADP	AdpType=Prep	44	case
aarets-historie	0	44	Folk	Folk	NOUN	NOUN	Definite=Ind|Gender=Neut|Number=Plur	42	nmod
aarets-historie	0	45	,	,	PUNCT	PUNCT	_	42	punct
aarets-historie	0	46	de	de	PRON	PRON	Case=Nom|Number=Plur|Person=3|PronType=Prs	47	nsubj
aarets-historie	0	47	løb	løb	NOUN	NOUN	Definite=Ind|Gender=Neut|Number=Plur	42	acl:relcl
aarets-historie	0	48	,	,	PUNCT	PUNCT	_	50	punct
aarets-historie	0	49	de	de	PRON	PRON	Case=Nom|Number=Plur|Person=3|PronType=Prs	50	nsubj
aarets-historie	0	50	fløj	fløj	VERB	VERB	Mood=Ind|Tense=Past|VerbForm=Fin|Voice=Act	47	acl:relcl
aarets-historie	0	51	og	og	CCONJ	CCONJ	_	53	cc
aarets-historie	0	52	for	for	ADP	ADP	AdpType=Prep	53	case
aarets-historie	0	53	hinanden	hinanden	PRON	PRON	Number=Plur|PronType=Rcp	50	conj
aarets-historie	0	54	i	i	ADP	ADP	AdpType=Prep	55	case
aarets-historie	0	55	Armene	Arm	NOUN	NOUN	Definite=Def|Gender=Com|Number=Plur	50	obl
aarets-historie	0	56	,	,	PUNCT	PUNCT	_	50	punct
aarets-historie	0	57	holdt	holde	VERB	VERB	Mood=Ind|Tense=Past|VerbForm=Fin|Voice=Act	39	xcomp
aarets-historie	0	58	hinanden	hinanden	PRON	PRON	Number=Plur|PronType=Rcp	57	obj
aarets-historie	0	59	fast	fast	ADV	ADV	Degree=Pos	61	case
aarets-historie	0	60	et	en	DET	DET	Gender=Neut|Number=Sing|PronType=Ind	61	det
aarets-historie	0	61	Øjeblik	Øjeblik	NOUN	NOUN	Definite=Ind|Gender=Neut|Number=Sing	57	obl
aarets-historie	0	62	og	og	CCONJ	CCONJ	_	63	cc
aarets-historie	0	63	havde	have	VERB	VERB	Mood=Ind|Tense=Past|VerbForm=Fin|Voice=Act	57	conj
aarets-historie	0	64	sålænge	sålænge	ADV	ADV	_	65	amod
aarets-historie	0	65	Fodfæste	fodfæste	NOUN	NOUN	Definite=Ind|Number=Sing	63	obj
aarets-historie	0	66	.	.	PUNCT	PUNCT	_	13	punct
aarets-historie	1	0	Karreter	Karreter	PROPN	PROPN	_	3	nsubj
aarets-historie	1	1	og	og	CCONJ	CCONJ	_	2	cc
aarets-historie	1	2	Heste	Heste	NOUN	NOUN	Definite=Ind|Gender=Com|Number=Sing	0	conj
aarets-historie	1	3	var	være	VERB	VERB	Mood=Ind|Tense=Past|VerbForm=Fin|Voice=Act	3	ROOT
aarets-historie	1	4	ligesom	ligesom	ADV	ADV	_	5	mark
aarets-historie	1	5	overpuddrede	overpuddre	NOUN	NOUN	Definite=Ind|Gender=Com|Number=Plur	8	amod
aarets-historie	1	6	,	,	PUNCT	PUNCT	_	5	punct
aarets-historie	1	7	Tjenerne	Tjenerne	NOUN	NOUN	Definite=Def|Gender=Com|Number=Plur	8	nmod:poss
aarets-historie	1	8	stode	stode	NOUN	NOUN	_	3	obl
aarets-historie	1	9	med	med	ADP	ADP	AdpType=Prep	10	case
aarets-historie	1	10	Ryggen	Ryggen	NOUN	NOUN	Definite=Def|Gender=Com|Number=Sing	8	nmod
aarets-historie	1	11	mod	mod	ADP	ADP	AdpType=Prep	12	case
aarets-historie	1	12	Karreten	Karreten	PROPN	PROPN	_	10	nmod
aarets-historie	1	13	og	og	CCONJ	CCONJ	_	14	cc
aarets-historie	1	14	kørte	køre	VERB	VERB	Mood=Ind|Tense=Past|VerbForm=Fin|Voice=Act	8	conj
aarets-historie	1	15	baglænds	baglænd	NOUN	NOUN	Case=Gen|Definite=Ind|Gender=Com|Number=Sing	14	amod
aarets-historie	1	16	imod	imod	ADP	ADP	AdpType=Prep	17	case
aarets-historie	1	17	Vinden	vind	NOUN	NOUN	Definite=Def|Gender=Com|Number=Sing	14	obl
aarets-historie	1	18	,	,	PUNCT	PUNCT	_	20	punct
aarets-historie	1	19	Fodgængeren	fodgænger	NOUN	NOUN	Definite=Def|Gender=Com|Number=Sing	20	nsubj
aarets-historie	1	20	holdt	holde	VERB	VERB	Mood=Ind|Tense=Past|VerbForm=Fin|Voice=Act	8	conj
aarets-historie	1	21	sig	sig	PRON	PRON	Case=Acc|Person=3|PronType=Prs|Reflex=Yes	20	obj
aarets-historie	1	22	stadigt	stadigt	ADV	ADV	Degree=Pos	20	advmod
aarets-historie	1	23	i	i	ADP	ADP	AdpType=Prep	24	case
aarets-historie	1	24	Læ	Læ	NOUN	NOUN	Definite=Ind|Gender=Com|Number=Sing	20	obl
aarets-historie	1	25	af	af	ADP	ADP	AdpType=Prep	26	case
aarets-historie	1	26	Vognen	vogn	NOUN	NOUN	Definite=Def|Gender=Com|Number=Sing	24	nmod
aarets-historie	1	27	,	,	PUNCT	PUNCT	_	24	punct
aarets-historie	1	28	der	der	PRON	PRON	PartType=Inf	31	nsubj
aarets-historie	1	29	kun	kun	ADV	ADV	_	30	advmod
aarets-historie	1	30	langsomt	langsomt	ADV	ADV	Degree=Pos	31	advmod
aarets-historie	1	31	gled	gled	VERB	VERB	Mood=Ind|Tense=Past|VerbForm=Fin|Voice=Act	24	acl:relcl
aarets-historie	1	32	afsted	afsted	ADV	ADV	_	31	advmod:lmod
aarets-historie	1	33	i	i	ADP	ADP	AdpType=Prep	36	case
aarets-historie	1	34	den	den	DET	DET	Gender=Com|Number=Sing|PronType=Dem	36	det
aarets-historie	1	35	dybe	dyb	ADJ	ADJ	Definite=Def|Degree=Pos|Number=Sing	36	amod
aarets-historie	1	36	Sne	sne	NOUN	NOUN	Definite=Ind|Gender=Com|Number=Sing	31	obl
aarets-historie	1	37	;	;	PUNCT	PUNCT	_	42	punct
aarets-historie	1	38	og	og	CCONJ	CCONJ	_	42	cc
aarets-historie	1	39	da	da	SCONJ	SCONJ	_	42	mark
aarets-historie	1	40	endelig	endelig	ADV	ADV	_	42	advmod
aarets-historie	1	41	Stormen	storm	NOUN	NOUN	Definite=Def|Gender=Com|Number=Sing	42	nsubj
aarets-historie	1	42	lagde	lægge	VERB	VERB	Mood=Ind|Tense=Past|VerbForm=Fin|Voice=Act	31	conj
aarets-historie	1	43	sig	sig	PRON	PRON	Case=Acc|Person=3|PronType=Prs|Reflex=Yes	42	obj
aarets-historie	1	44	og	og	CCONJ	CCONJ	_	47	cc
aarets-historie	1	45	der	der	ADV	ADV	PartType=Inf	47	expl
aarets-historie	1	46	blev	blive	AUX	AUX	Mood=Ind|Tense=Past|VerbForm=Fin|Voice=Act	47	aux
aarets-historie	1	47	kastet	kaste	VERB	VERB	Definite=Ind|Number=Sing|Tense=Past|VerbForm=Part	42	conj
aarets-historie	1	48	en	en	DET	DET	Gender=Com|Number=Sing|PronType=Ind	50	det
aarets-historie	1	49	smal	smal	ADJ	ADJ	Definite=Ind|Degree=Pos|Gender=Com|Number=Sing	50	amod
aarets-historie	1	50	Sti	sti	NOUN	NOUN	Definite=Ind|Gender=Com|Number=Sing	47	obj
aarets-historie	1	51	langs	langs	ADP	ADP	AdpType=Prep	52	case
aarets-historie	1	52	Husene	Husene	NOUN	NOUN	Definite=Def|Gender=Com|Number=Plur	50	nmod
aarets-historie	1	53	,	,	PUNCT	PUNCT	_	42	punct
aarets-historie	1	54	så	så	ADV	ADV	_	55	advmod
aarets-historie	1	55	stod	stå	VERB	VERB	Mood=Ind|Tense=Past|VerbForm=Fin|Voice=Act	3	conj
aarets-historie	1	56	dog	dog	ADV	ADV	_	55	advmod
aarets-historie	1	57	Folk	folk	NOUN	NOUN	Definite=Ind|Gender=Neut|Number=Plur	55	nsubj
aarets-historie	1	58	stille	stille	ADJ	ADJ	Degree=Pos	57	amod
aarets-historie	1	59	der	der	ADV	ADV	_	55	advmod
aarets-historie	1	60	,	,	PUNCT	PUNCT	_	55	punct
aarets-historie	1	61	når	når	SCONJ	SCONJ	_	63	mark
aarets-historie	1	62	de	de	PRON	PRON	Case=Nom|Number=Plur|Person=3|PronType=Prs	63	nsubj
aarets-historie	1	63	mødtes	mødes	VERB	VERB	Mood=Ind|Tense=Past|VerbForm=Fin|Voice=Act	68	advmod
aarets-historie	1	64	;	;	PUNCT	PUNCT	_	63	punct
aarets-historie	1	65	ingen	ingen	PRON	PRON	Gender=Com|Number=Sing|PronType=Ind	68	nsubj
aarets-historie	1	66	af	af	ADP	ADP	AdpType=Prep	67	case
aarets-historie	1	67	dem	de	PRON	PRON	Case=Acc|Number=Plur|Person=3|PronType=Prs	65	nmod
aarets-historie	1	68	havde	have	VERB	VERB	Mood=Ind|Tense=Past|VerbForm=Fin|Voice=Act	55	advmod
aarets-historie	1	69	Lyst	Lyst	NOUN	NOUN	Definite=Ind|Gender=Com|Number=Sing	68	obj
aarets-historie	1	70	til	til	ADP	ADP	AdpType=Prep	72	mark
aarets-historie	1	71	at	at	PART	PART	PartType=Inf	72	mark
aarets-historie	1	72	gøre	gøre	VERB	VERB	VerbForm=Inf|Voice=Act	69	advcl
aarets-historie	1	73	det	den	DET	DET	Gender=Neut|Number=Sing|PronType=Dem	75	det
aarets-historie	1	74	første	første	ADJ	ADJ	Degree=Pos	75	amod
aarets-historie	1	75	Skridt	skridt	NOUN	NOUN	Definite=Ind|Gender=Neut|Number=Sing	72	obj
aarets-historie	1	76	,	,	PUNCT	PUNCT	_	75	punct
aarets-historie	1	77	med	med	ADP	ADP	AdpType=Prep	79	mark
aarets-historie	1	78	at	at	PART	PART	PartType=Inf	79	mark
aarets-historie	1	79	træde	træde	VERB	VERB	VerbForm=Inf|Voice=Act	72	advcl
aarets-historie	1	80	op	op	ADV	ADV	_	79	advmod:lmod
aarets-historie	1	81	i	i	ADP	ADP	AdpType=Prep	84	case
aarets-historie	1	82	den	den	DET	DET	Gender=Com|Number=Sing|PronType=Dem	84	det
aarets-historie	1	83	dybe	dyb	ADJ	ADJ	Definite=Def|Degree=Pos|Number=Sing	84	amod
aarets-historie	1	84	Sne	sne	NOUN	NOUN	Definite=Ind|Gender=Com|Number=Sing	80	obl
aarets-historie	1	85	,	,	PUNCT	PUNCT	_	79	punct
aarets-historie	1	86	for	for	ADP	ADP	AdpType=Prep	91	mark
aarets-historie	1	87	at	at	SCONJ	SCONJ	_	91	mark
aarets-historie	1	88	den	den	DET	DET	Gender=Com|Number=Sing|PronType=Dem	90	det
aarets-historie	1	89	Anden	anden	DET	DET	Gender=Com|Number=Sing|PronType=Ind	90	det
aarets-historie	1	90	kunde	kunde	NOUN	NOUN	Definite=Ind|Gender=Com|Number=Sing	91	nsubj
aarets-historie	1	91	slippe	slippe	VERB	VERB	VerbForm=Inf|Voice=Act	79	advcl
aarets-historie	1	92	forbi	forbi	ADV	ADV	_	91	advmod:lmod
aarets-historie	1	93	.	.	PUNCT	PUNCT	_	3	punct
aarets-historie	2	0	Tause	Tause	PROPN	PROPN	Case=Gen	0	ROOT
aarets-historie	2	1	stode	stode	NOUN	NOUN	_	0	flat
aarets-historie	2	2	de	de	PRON	PRON	Case=Nom|Number=Plur|Person=3|PronType=Prs	0	conj
aarets-historie	2	3	,	,	PUNCT	PUNCT	_	0	punct
aarets-historie	2	4	til	til	ADP	ADP	AdpType=Prep	5	case
aarets-historie	2	5	endelig	endelig	ADV	ADV	_	0	advmod
aarets-historie	2	6	,	,	PUNCT	PUNCT	_	5	punct
aarets-historie	2	7	efter	efter	ADP	ADP	AdpType=Prep	11	case
aarets-historie	2	8	ligesom	ligesom	SCONJ	SCONJ	_	11	case
aarets-historie	2	9	en	en	DET	DET	Gender=Com|Number=Sing|PronType=Ind	11	det
aarets-historie	2	10	stille	stille	ADJ	ADJ	Degree=Pos	11	amod
aarets-historie	2	11	Overenskomst	overenskomst	NOUN	NOUN	Definite=Ind|Gender=Com|Number=Sing	0	conj
aarets-historie	2	12	,	,	PUNCT	PUNCT	_	11	punct
aarets-historie	2	13	hver	hver	PRON	PRON	Gender=Com|Number=Sing|PronType=Ind	16	nsubj
aarets-historie	2	14	af	af	ADP	ADP	AdpType=Prep	15	case
aarets-historie	2	15	dem	de	PRON	PRON	Case=Acc|Number=Plur|Person=3|PronType=Prs	13	nmod
aarets-historie	2	16	gav	give	VERB	VERB	Mood=Ind|Tense=Past|VerbForm=Fin|Voice=Act	16	ROOT
aarets-historie	2	17	et	en	DET	DET	Gender=Neut|Number=Sing|PronType=Ind	18	det
aarets-historie	2	18	Ben	Ben	PROPN	PROPN	_	16	obj
aarets-historie	2	19	til	til	ADP	ADP	AdpType=Prep	20	case
aarets-historie	2	20	Pris	pris	NOUN	NOUN	Definite=Ind|Gender=Neut|Number=Sing	18	nmod
aarets-historie	2	21	og	og	CCONJ	CCONJ	_	22	cc
aarets-historie	2	22	lod	lade	VERB	VERB	Mood=Ind|Tense=Past|VerbForm=Fin|Voice=Act	16	conj
aarets-historie	2	23	dette	denne	DET	DET	Gender=Neut|Number=Sing|PronType=Dem	24	det
aarets-historie	2	24	gåe	gåe	PROPN	PROPN	Case=Gen	22	obj
aarets-historie	2	25	ind	ind	ADV	ADV	_	22	advmod:lmod
aarets-historie	2	26	i	i	ADP	ADP	AdpType=Prep	27	case
aarets-historie	2	27	Snedyngen	snedynge	NOUN	NOUN	Definite=Def|Gender=Com|Number=Sing	25	obl
aarets-historie	2	28	.	.	PUNCT	PUNCT	_	16	punct
aarets-historie	3	0	Mod	mod	ADP	ADP	AdpType=Prep	1	case
aarets-historie	3	1	Aften	Af	NOUN	NOUN	Definite=Def|Gender=Com|Number=Sing	4	obl
aarets-historie	3	2	var	være	AUX	AUX	Mood=Ind|Tense=Past|VerbForm=Fin|Voice=Act	4	cop
aarets-historie	3	3	det	det	PRON	PRON	Case=Acc|Gender=Neut|Number=Sing|Person=3|PronType=Prs	4	det
aarets-historie	3	4	blikstille	blikstille	ADJ	ADJ	Definite=Def|Degree=Pos|Number=Sing	4	ROOT
aarets-historie	3	5	,	,	PUNCT	PUNCT	_	4	punct
aarets-historie	3	6	Himlen	Himlen	NOUN	NOUN	Definite=Def|Gender=Com|Number=Sing	7	nsubj
aarets-historie	3	7	såe	såe	ADV	ADV	Degree=Pos	4	acl:relcl
aarets-historie	3	8	ud	ud	ADV	ADV	_	7	advmod
aarets-historie	3	9	,	,	PUNCT	PUNCT	_	8	punct
aarets-historie	3	10	som	som	ADV	ADV	_	14	mark
aarets-historie	3	11	om	om	ADP	ADP	AdpType=Prep	10	fixed
aarets-historie	3	12	den	den	PRON	PRON	Case=Acc|Gender=Com|Number=Sing|Person=3|PronType=Prs	14	nsubj
aarets-historie	3	13	var	være	AUX	AUX	Mood=Ind|Tense=Past|VerbForm=Fin|Voice=Act	14	aux
aarets-historie	3	14	fejet	feje	VERB	VERB	Definite=Ind|Number=Sing|Tense=Past|VerbForm=Part	8	advcl
aarets-historie	3	15	og	og	CCONJ	CCONJ	_	16	cc
aarets-historie	3	16	gjort	gøre	VERB	VERB	Definite=Ind|Number=Sing|Tense=Past|VerbForm=Part	14	conj
aarets-historie	3	17	mere	mere	ADV	ADV	Degree=Cmp	18	advmod
aarets-historie	3	18	høj	høj	ADJ	ADJ	Definite=Ind|Degree=Pos|Gender=Com|Number=Sing	16	amod
aarets-historie	3	19	og	og	CCONJ	CCONJ	_	20	cc
aarets-historie	3	20	gennemsigtig	gennemsigtig	ADJ	ADJ	Definite=Ind|Degree=Pos|Gender=Com|Number=Sing	18	conj
aarets-historie	3	21	,	,	PUNCT	PUNCT	_	18	punct
aarets-historie	3	22	Stjernerne	Stjernerne	NOUN	NOUN	Definite=Def|Gender=Com|Number=Plur	23	nsubj
aarets-historie	3	23	syntes	synes	VERB	VERB	Mood=Ind|Tense=Past|VerbForm=Fin|Voice=Act	18	acl:relcl
aarets-historie	3	24	splinternye	splinternye	ADV	ADV	Degree=Pos	23	amod
aarets-historie	3	25	,	,	PUNCT	PUNCT	_	30	punct
aarets-historie	3	26	og	og	CCONJ	CCONJ	_	30	cc
aarets-historie	3	27	nogle	nogen	PRON	PRON	Number=Plur|PronType=Ind	30	nsubj
aarets-historie	3	28	var	være	AUX	AUX	Mood=Ind|Tense=Past|VerbForm=Fin|Voice=Act	30	cop
aarets-historie	3	29	så	så	ADV	ADV	_	30	advmod
aarets-historie	3	30	blå	blå	ADJ	ADJ	Degree=Pos|Number=Plur	23	conj
aarets-historie	3	31	og	og	CCONJ	CCONJ	_	32	cc
aarets-historie	3	32	klare	klar	ADJ	ADJ	Degree=Pos|Number=Plur	30	conj
aarets-historie	3	33	,	,	PUNCT	PUNCT	_	30	punct
aarets-historie	3	34	–	–	NOUN	NOUN	Definite=Ind|Gender=Neut|Number=Sing	23	dep
aarets-historie	3	35	og	og	CCONJ	CCONJ	_	37	cc
aarets-historie	3	36	det	det	PRON	PRON	Case=Acc|Gender=Neut|Number=Sing|Person=3|PronType=Prs	37	nsubj
aarets-historie	3	37	frøs	frøs	VERB	VERB	Mood=Ind|Tense=Past|VerbForm=Fin|Voice=Act	23	conj
aarets-historie	3	38	så	så	ADV	ADV	_	37	advmod
aarets-historie	3	39	det	det	PRON	PRON	Case=Acc|Gender=Neut|Number=Sing|Person=3|PronType=Prs	40	nsubj
aarets-historie	3	40	knagede	knage	VERB	VERB	Mood=Ind|Tense=Past|VerbForm=Fin|Voice=Act	37	obj
aarets-historie	3	41	efter	efter	ADP	ADP	AdpType=Prep	40	advmod
aarets-historie	3	42	,	,	PUNCT	PUNCT	_	41	punct
aarets-historie	3	43	–	–	INTJ	INTJ	_	23	cc
aarets-historie	3	44	sagtens	sagtens	ADV	ADV	_	45	advmod
aarets-historie	3	45	kunde	kunde	NOUN	NOUN	Definite=Ind|Gender=Com|Number=Sing	43	conj
aarets-historie	3	46	da	da	ADV	ADV	_	52	advmod
aarets-historie	3	47	det	den	DET	DET	Gender=Neut|Number=Sing|PronType=Dem	49	det
aarets-historie	3	48	øverste	øvre	ADJ	ADJ	Definite=Def|Degree=Sup	49	amod
aarets-historie	3	49	Snelag	Snelag	PROPN	PROPN	_	52	nsubj
aarets-historie	3	50	blive	blive	AUX	AUX	VerbForm=Inf|Voice=Act	52	cop
aarets-historie	3	51	så	så	ADV	ADV	_	52	advmod
aarets-historie	3	52	stærkt	stærk	ADJ	ADJ	Definite=Ind|Degree=Pos|Gender=Neut|Number=Sing	45	amod
aarets-historie	3	53	,	,	PUNCT	PUNCT	_	52	punct
aarets-historie	3	54	at	at	SCONJ	SCONJ	_	52	dep
aarets-historie	3	55	det	det	PRON	PRON	Case=Acc|Gender=Neut|Number=Sing|Person=3|PronType=Prs	54	obj
aarets-historie	3	56	i	i	ADP	ADP	AdpType=Prep	57	case
aarets-historie	3	57	Morgenstunden	morgenstund	NOUN	NOUN	Definite=Def|Gender=Com|Number=Sing	52	obl
aarets-historie	3	58	bar	bære	VERB	VERB	Mood=Ind|Tense=Past|VerbForm=Fin|Voice=Act	52	conj
aarets-historie	3	59	Gråspurvene	Gråspurv	NOUN	NOUN	Definite=Def|Gender=Neut|Number=Plur	45	nmod
aarets-historie	3	60	;	;	PUNCT	PUNCT	_	62	punct
aarets-historie	3	61	de	de	PRON	PRON	Case=Nom|Number=Plur|Person=3|PronType=Prs	62	nsubj
aarets-historie	3	62	hoppede	hoppe	VERB	VERB	Mood=Ind|Tense=Past|VerbForm=Fin|Voice=Act	23	dep
aarets-historie	3	63	om	om	ADP	ADP	AdpType=Prep	62	advmod
aarets-historie	3	64	snart	snart	ADV	ADV	_	65	advmod
aarets-historie	3	65	oppe	oppe	ADV	ADV	_	67	advmod
aarets-historie	3	66	snart	snart	ADV	ADV	_	67	advmod
aarets-historie	3	67	nede	nede	ADV	ADV	_	62	advmod
aarets-historie	3	68	,	,	PUNCT	PUNCT	_	67	punct
aarets-historie	3	69	hvor	hvor	ADV	ADV	_	72	advmod
aarets-historie	3	70	der	der	ADV	ADV	PartType=Inf	72	expl
aarets-historie	3	71	var	være	AUX	AUX	Mood=Ind|Tense=Past|VerbForm=Fin|Voice=Act	72	aux
aarets-historie	3	72	skovlet	skovlet	VERB	VERB	Definite=Ind|Number=Sing|Tense=Past|VerbForm=Part	67	acl:relcl
aarets-historie	3	73	,	,	PUNCT	PUNCT	_	77	punct
aarets-historie	3	74	men	men	CCONJ	CCONJ	_	77	cc
aarets-historie	3	75	megen	meget	ADJ	ADJ	Degree=Pos|Gender=Com|Number=Sing	76	amod
aarets-historie	3	76	Æde	Æde	PROPN	PROPN	_	77	obj
aarets-historie	3	77	var	være	VERB	VERB	Mood=Ind|Tense=Past|VerbForm=Fin|Voice=Act	23	conj
aarets-historie	3	78	der	der	ADV	ADV	PartType=Inf	77	expl
aarets-historie	3	79	ikke	ikke	ADV	ADV	_	77	advmod
aarets-historie	3	80	at	at	PART	PART	PartType=Inf	81	mark
aarets-historie	3	81	finde	finde	VERB	VERB	VerbForm=Inf|Voice=Act	77	xcomp
aarets-historie	3	82	,	,	PUNCT	PUNCT	_	85	punct
aarets-historie	3	83	og	og	CCONJ	CCONJ	_	85	cc
aarets-historie	3	84	de	de	PRON	PRON	Case=Nom|Number=Plur|Person=3|PronType=Prs	85	nsubj
aarets-historie	3	85	frøs	frøs	VERB	VERB	Mood=Ind|Tense=Past|VerbForm=Fin|Voice=Act	77	conj
aarets-historie	3	86	ordentligt	ordentligt	ADV	ADV	Degree=Pos	85	advmod
aarets-historie	3	87	.	.	PUNCT	PUNCT	_	4	punct
aarets-historie	4	0	»	»	NOUN	NOUN	Definite=Ind|Gender=Com|Number=Sing	1	nmod
aarets-historie	4	1	Pip	pip	NOUN	NOUN	Definite=Def|Gender=Neut|Number=Sing	5	nsubj
aarets-historie	4	2	!	!	PUNCT	PUNCT	_	1	punct
aarets-historie	4	3	«	«	NOUN	NOUN	Definite=Ind|Gender=Com|Number=Sing	1	list
aarets-historie	4	4	"
"	"
"	SPACE	SPACE	_	3	dep
aarets-historie	4	5	sagde	sige	VERB	VERB	Mood=Ind|Tense=Past|VerbForm=Fin|Voice=Act	5	ROOT
aarets-historie	4	6	den	den	DET	DET	Gender=Com|Number=Sing|PronType=Dem	7	det
aarets-historie	4	7	ene	ene	ADJ	ADJ	Degree=Pos	5	nsubj
aarets-historie	4	8	til	til	ADP	ADP	AdpType=Prep	9	case
aarets-historie	4	9	den	den	PRON	PRON	Gender=Com|Number=Sing|PronType=Dem	7	obl
aarets-historie	4	10	anden	anden	PRON	PRON	Gender=Com|Number=Sing|PronType=Ind	9	nmod
aarets-historie	4	11	,	,	PUNCT	PUNCT	_	5	punct
aarets-historie	4	12	»	»	NOUN	NOUN	Definite=Ind|Gender=Com|Number=Sing	14	punct
aarets-historie	4	13	det	det	PRON	PRON	Case=Acc|Gender=Neut|Number=Sing|Person=3|PronType=Prs	14	obj
aarets-historie	4	14	kalder	kalde	VERB	VERB	Mood=Ind|Tense=Pres|VerbForm=Fin|Voice=Act	5	ccomp
aarets-historie	4	15	man	man	PRON	PRON	Case=Nom|Gender=Com|PronType=Ind	14	nsubj
aarets-historie	4	16	det	den	DET	DET	Gender=Neut|Number=Sing|PronType=Dem	18	det
aarets-historie	4	17	nye	ny	ADJ	ADJ	Definite=Def|Degree=Pos|Number=Sing	18	amod
aarets-historie	4	18	År	År	NOUN	NOUN	Definite=Ind|Gender=Neut|Number=Sing	14	obj
aarets-historie	4	19	!	!	PUNCT	PUNCT	_	14	punct
aarets-historie	5	0	–	–	VERB	VERB	Mood=Ind|Tense=Pres|VerbForm=Fin|Voice=Act	5	punct
aarets-historie	5	1	"
"	"
"	SPACE	SPACE	_	0	dep
aarets-historie	5	2	det	det	PRON	PRON	Case=Acc|Gender=Neut|Number=Sing|Person=3|PronType=Prs	5	nsubj
aarets-historie	5	3	er	være	AUX	AUX	Mood=Ind|Tense=Pres|VerbForm=Fin|Voice=Act	5	cop
aarets-historie	5	4	jo	jo	ADV	ADV	_	5	advmod
aarets-historie	5	5	værre	slem	ADJ	ADJ	Degree=Cmp	5	ROOT
aarets-historie	5	6	,	,	PUNCT	PUNCT	_	5	punct
aarets-historie	5	7	end	end	ADP	ADP	_	9	case
aarets-historie	5	8	det	den	DET	DET	Gender=Neut|Number=Sing|PronType=Dem	9	det
aarets-historie	5	9	gamle	gammel	ADJ	ADJ	Definite=Def|Degree=Pos|Number=Sing	5	dep
aarets-historie	5	10	!	!	PUNCT	PUNCT	_	5	punct
aarets-historie	6	0	så	så	ADJ	ADJ	Degree=Pos	1	advmod
aarets-historie	6	1	kunde	kunde	NOUN	NOUN	Definite=Ind|Gender=Com|Number=Sing	1	ROOT
aarets-historie	6	2	vi	vi	PRON	PRON	Case=Nom|Gender=Com|Number=Plur|Person=1|PronType=Prs	6	nsubj
aarets-historie	6	3	ligeså	ligeså	ADV	ADV	_	6	advmod
aarets-historie	6	4	godt	godt	ADV	ADV	Degree=Pos	6	advmod
aarets-historie	6	5	have	have	AUX	AUX	VerbForm=Inf|Voice=Act	6	aux
aarets-historie	6	6	beholdt	beholde	VERB	VERB	Definite=Ind|Number=Sing|Tense=Past|VerbForm=Part	1	acl:relcl
aarets-historie	6	7	det	det	PRON	PRON	Case=Acc|Gender=Neut|Number=Sing|Person=3|PronType=Prs	6	obj
aarets-historie	6	8	.	.	PUNCT	PUNCT	_	1	punct
aarets-historie	7	0	Jeg	jeg	PRON	PRON	Case=Nom|Gender=Com|Number=Sing|Person=1|PronType=Prs	2	nsubj
aarets-historie	7	1	er	være	AUX	AUX	Mood=Ind|Tense=Pres|VerbForm=Fin|Voice=Act	2	cop
aarets-historie	7	2	misfornøjet	misfornøjet	ADJ	ADJ	Definite=Ind|Degree=Pos|Number=Sing	2	ROOT
aarets-historie	7	3	og	og	CCONJ	CCONJ	_	4	cc
aarets-historie	7	4	det	det	PRON	PRON	Case=Acc|Gender=Neut|Number=Sing|Person=3|PronType=Prs	2	conj
aarets-historie	7	5	har	have	VERB	VERB	Mood=Ind|Tense=Pres|VerbForm=Fin|Voice=Act	4	cop
aarets-historie	7	6	jeg	jeg	PRON	PRON	Case=Nom|Gender=Com|Number=Sing|Person=1|PronType=Prs	4	nsubj
aarets-historie	7	7	Grund	grund	NOUN	NOUN	Definite=Ind|Gender=Neut|Number=Sing	2	dep
aarets-historie	7	8	til	til	ADV	ADV	_	7	advmod
aarets-historie	7	9	!	!	PUNCT	PUNCT	_	2	punct
aarets-historie	7	10	«	«	NOUN	NOUN	Definite=Ind|Gender=Com|Number=Sing	2	obl
aarets-historie	7	11	"
"	"
"	SPACE	SPACE	_	10	dep
aarets-historie	7	12	»	»	PUNCT	PUNCT	_	10	punct
aarets-historie	7	13	Ja	ja	INTJ	INTJ	_	26	dep
aarets-historie	7	14	,	,	PUNCT	PUNCT	_	16	punct
aarets-historie	7	15	der	der	PRON	PRON	PartType=Inf	16	nsubj
aarets-historie	7	16	løb	løbe	VERB	VERB	Mood=Ind|Tense=Past|VerbForm=Fin|Voice=Act	13	conj
aarets-historie	7	17	nu	nu	ADV	ADV	_	16	advmod
aarets-historie	7	18	Menneskene	Menneskene	NOUN	NOUN	Definite=Def|Gender=Neut|Number=Plur	16	obj
aarets-historie	7	19	om	om	ADV	ADV	_	16	advmod:lmod
aarets-historie	7	20	og	og	CCONJ	CCONJ	_	21	cc
aarets-historie	7	21	skød	skyde	VERB	VERB	Mood=Ind|Tense=Past|VerbForm=Fin|Voice=Act	16	conj
aarets-historie	7	22	Nytår	nytår	NOUN	NOUN	Definite=Ind|Gender=Neut|Number=Sing	21	obj
aarets-historie	7	23	ind	ind	ADV	ADV	_	21	advmod:lmod
aarets-historie	7	24	,	,	PUNCT	PUNCT	_	16	punct
aarets-historie	7	25	«	«	NOUN	NOUN	Definite=Ind|Gender=Com|Number=Sing	13	punct
aarets-historie	7	26	sagde	sige	VERB	VERB	Mood=Ind|Tense=Past|VerbForm=Fin|Voice=Act	26	ROOT
aarets-historie	7	27	en	en	DET	DET	Gender=Com|Number=Sing|PronType=Ind	29	det
aarets-historie	7	28	lille	lille	ADJ	ADJ	Degree=Pos|Number=Sing	29	amod
aarets-historie	7	29	forfrossen	forfrossen	ADJ	ADJ	Definite=Ind|Degree=Pos|Gender=Com|Number=Sing	26	nsubj
aarets-historie	7	30	Spurv	Spurv	NOUN	NOUN	Definite=Ind|Gender=Com|Number=Sing	29	flat
aarets-historie	7	31	,	,	PUNCT	PUNCT	_	29	punct
aarets-historie	7	32	»	»	NOUN	NOUN	Definite=Ind|Gender=Com|Number=Sing	26	nsubj
aarets-historie	7	33	de	den	DET	DET	Number=Plur|PronType=Dem	35	det
aarets-historie	7	34	sloge	slog	VERB	VERB	Number=Plur|Tense=Past|VerbForm=Part	35	amod
aarets-historie	7	35	Potter	Potte	NOUN	NOUN	Definite=Ind|Gender=Com|Number=Plur	26	nsubj
aarets-historie	7	36	på	på	ADP	ADP	AdpType=Prep	37	case
aarets-historie	7	37	Døre	dør	NOUN	NOUN	Definite=Ind|Gender=Com|Number=Plur	35	nmod
aarets-historie	7	38	og	og	CCONJ	CCONJ	_	41	cc
aarets-historie	7	39	var	være	AUX	AUX	Mood=Ind|Tense=Past|VerbForm=Fin|Voice=Act	41	cop
aarets-historie	7	40	rent	rent	ADV	ADV	Degree=Pos	41	advmod
aarets-historie	7	41	ellevilde	ellevild	ADJ	ADJ	Degree=Pos|Number=Plur	26	conj
aarets-historie	7	42	af	af	ADP	ADP	AdpType=Prep	43	case
aarets-historie	7	43	Glæde	glæde	NOUN	NOUN	Definite=Ind|Gender=Com|Number=Sing	41	obl
aarets-historie	7	44	over	over	ADP	ADP	AdpType=Prep	47	mark
aarets-historie	7	45	at	at	PART	PART	PartType=Inf	47	mark
aarets-historie	7	46	nu	nu	ADV	ADV	_	47	advmod
aarets-historie	7	47	gik	gå	VERB	VERB	Mood=Ind|Tense=Past|VerbForm=Fin|Voice=Act	26	advcl
aarets-historie	7	48	det	den	DET	DET	Gender=Neut|Number=Sing|PronType=Dem	50	det
aarets-historie	7	49	gamle	gammel	ADJ	ADJ	Definite=Def|Degree=Pos|Number=Sing	50	amod
aarets-historie	7	50	År	År	NOUN	NOUN	Definite=Ind|Gender=Neut|Number=Sing	47	obl:lmod
aarets-historie	7	51	væk	væk	ADV	ADV	_	47	advmod:lmod
aarets-historie	7	52	!	!	PUNCT	PUNCT	_	26	punct
aarets-historie	8	0	og	og	CCONJ	CCONJ	_	1	cc
aarets-historie	8	1	det	det	PRON	PRON	Case=Acc|Gender=Neut|Number=Sing|Person=3|PronType=Prs	5	nsubj
aarets-historie	8	2	var	være	AUX	AUX	Mood=Ind|Tense=Past|VerbForm=Fin|Voice=Act	5	cop
aarets-historie	8	3	jeg	jeg	PRON	PRON	Case=Nom|Gender=Com|Number=Sing|Person=1|PronType=Prs	5	nsubj
aarets-historie	8	4	også	også	ADV	ADV	_	5	advmod
aarets-historie	8	5	glad	glad	ADJ	ADJ	Definite=Ind|Degree=Pos|Number=Sing	5	ROOT
aarets-historie	8	6	over	over	ADP	ADP	AdpType=Prep	5	advmod
aarets-historie	8	7	,	,	PUNCT	PUNCT	_	5	punct
aarets-historie	8	8	for	for	CCONJ	CCONJ	_	5	dep
aarets-historie	8	9	jeg	jeg	PRON	PRON	Case=Nom|Gender=Com|Number=Sing|Person=1|PronType=Prs	10	nsubj
aarets-historie	8	10	ventede	vente	VERB	VERB	Mood=Ind|Tense=Past|VerbForm=Fin|Voice=Act	5	dep
aarets-historie	8	11	,	,	PUNCT	PUNCT	_	10	punct
aarets-historie	8	12	at	at	SCONJ	SCONJ	_	22	mark
aarets-historie	8	13	vi	vi	PRON	PRON	Case=Nom|Gender=Com|Number=Plur|Person=1|PronType=Prs	22	nsubj
aarets-historie	8	14	da	da	ADV	ADV	_	15	advmod
aarets-historie	8	15	vilde	vild	ADJ	ADJ	Degree=Pos|Number=Plur	18	amod
aarets-historie	8	16	fåe	fåe	ADJ	ADJ	Degree=Pos	18	amod
aarets-historie	8	17	varme	varm	ADJ	ADJ	Degree=Pos|Number=Plur	18	amod
aarets-historie	8	18	Dage	dag	NOUN	NOUN	Definite=Ind|Gender=Com|Number=Plur	13	nmod
aarets-historie	8	19	,	,	PUNCT	PUNCT	_	22	punct
aarets-historie	8	20	men	men	CCONJ	CCONJ	_	22	cc
aarets-historie	8	21	det	det	PRON	PRON	Case=Acc|Gender=Neut|Number=Sing|Person=3|PronType=Prs	22	dep
aarets-historie	8	22	er	være	VERB	VERB	Mood=Ind|Tense=Pres|VerbForm=Fin|Voice=Act	10	obj
aarets-historie	8	23	der	der	ADV	ADV	PartType=Inf	22	expl
aarets-historie	8	24	ikke	ikke	ADV	ADV	_	26	advmod
aarets-historie	8	25	blevet	blive	AUX	AUX	Definite=Ind|Number=Sing|Tense=Past|VerbForm=Part	26	cop
aarets-historie	8	26	noget	nogen	PRON	PRON	Gender=Neut|Number=Sing|PronType=Ind	22	obj
aarets-historie	8	27	af	af	ADP	ADP	AdpType=Prep	26	case
aarets-historie	8	28	;	;	PUNCT	PUNCT	_	30	punct
aarets-historie	8	29	det	det	PRON	PRON	Case=Acc|Gender=Neut|Number=Sing|Person=3|PronType=Prs	30	nsubj
aarets-historie	8	30	fryser	fryse	VERB	VERB	Mood=Ind|Tense=Pres|VerbForm=Fin|Voice=Act	22	conj
aarets-historie	8	31	meget	meget	ADV	ADV	Degree=Pos	32	advmod
aarets-historie	8	32	strængere	strængere	VERB	VERB	VerbForm=Inf|Voice=Act	30	obj
aarets-historie	8	33	end	end	ADP	ADP	_	34	mark
aarets-historie	8	34	før	før	ADV	ADV	_	32	advmod
aarets-historie	8	35	!	!	PUNCT	PUNCT	_	5	punct
aarets-historie	9	0	Menneskene	Menneskene	NOUN	NOUN	Definite=Def|Gender=Neut|Number=Plur	2	nsubj
aarets-historie	9	1	have	have	AUX	AUX	VerbForm=Inf|Voice=Act	2	aux
aarets-historie	9	2	taget	tage	VERB	VERB	Definite=Ind|Number=Sing|Tense=Past|VerbForm=Part	2	ROOT
aarets-historie	9	3	fejl	fejl	ADJ	ADJ	Degree=Pos	2	obj
aarets-historie	9	4	af	af	ADP	ADP	AdpType=Prep	5	case
aarets-historie	9	5	Tidsregningen	tidsregningen	NOUN	NOUN	Definite=Def|Gender=Com|Number=Sing	3	nmod
aarets-historie	9	6	!	!	PUNCT	PUNCT	_	2	punct
aarets-historie	9	7	«	«	NOUN	NOUN	Definite=Ind|Gender=Com|Number=Sing	2	obj
aarets-historie	9	8	"
"	"
"	SPACE	SPACE	_	7	dep
aarets-historie	9	9	»	»	NOUN	NOUN	Definite=Ind|Gender=Com|Number=Sing	7	punct
aarets-historie	9	10	Det	det	PRON	PRON	Case=Acc|Gender=Neut|Number=Sing|Person=3|PronType=Prs	11	obj
aarets-historie	9	11	har	have	VERB	VERB	Mood=Ind|Tense=Pres|VerbForm=Fin|Voice=Act	16	aux
aarets-historie	9	12	de	de	PRON	PRON	Case=Nom|Number=Plur|Person=3|PronType=Prs	11	nsubj
aarets-historie	9	13	!	!	PUNCT	PUNCT	_	11	punct
aarets-historie	9	14	«	«	NOUN	NOUN	Definite=Ind|Gender=Com|Number=Sing	11	obj
aarets-historie	9	15	"
"	"
"	SPACE	SPACE	_	14	dep
aarets-historie	9	16	sagde	sige	VERB	VERB	Mood=Ind|Tense=Past|VerbForm=Fin|Voice=Act	16	ROOT
aarets-historie	9	17	en	en	DET	DET	Gender=Com|Number=Sing|PronType=Ind	18	det
aarets-historie	9	18	tredje	tredje	ADJ	ADJ	NumType=Ord	16	nsubj
aarets-historie	9	19	,	,	PUNCT	PUNCT	_	18	punct
aarets-historie	9	20	der	der	ADV	ADV	PartType=Inf	22	nsubj
aarets-historie	9	21	var	være	AUX	AUX	Mood=Ind|Tense=Past|VerbForm=Fin|Voice=Act	22	cop
aarets-historie	9	22	gammel	gammel	ADJ	ADJ	Definite=Ind|Degree=Pos|Gender=Com|Number=Sing	18	acl:relcl
aarets-historie	9	23	og	og	CCONJ	CCONJ	_	24	cc
aarets-historie	9	24	hvid	hvid	ADJ	ADJ	Definite=Ind|Degree=Pos|Gender=Com|Number=Sing	22	conj
aarets-historie	9	25	i	i	ADP	ADP	AdpType=Prep	26	case
aarets-historie	9	26	Toppen	Toppen	NOUN	NOUN	Definite=Def|Gender=Com|Number=Sing	22	obl
aarets-historie	9	27	;	;	PUNCT	PUNCT	_	22	punct
aarets-historie	9	28	»	»	NOUN	NOUN	Definite=Ind|Gender=Com|Number=Sing	16	punct
aarets-historie	9	29	de	de	PRON	PRON	Case=Nom|Number=Plur|Person=3|PronType=Prs	30	nsubj
aarets-historie	9	30	have	have	VERB	VERB	VerbForm=Inf|Voice=Act	16	dep
aarets-historie	9	31	nu	nu	ADV	ADV	_	30	advmod
aarets-historie	9	32	Noget	nogen	PRON	PRON	Gender=Neut|Number=Sing|PronType=Ind	30	obj
aarets-historie	9	33	,	,	PUNCT	PUNCT	_	32	punct
aarets-historie	9	34	som	som	PRON	PRON	PartType=Inf	36	dep
aarets-historie	9	35	de	de	PRON	PRON	Case=Nom|Number=Plur|Person=3|PronType=Prs	36	nsubj
aarets-historie	9	36	kalde	kalde	VERB	VERB	VerbForm=Inf|Voice=Act	32	acl:relcl
aarets-historie	9	37	Almanaken	Almanaken	NOUN	NOUN	Definite=Def|Gender=Com|Number=Sing	36	obj
aarets-historie	9	38	,	,	PUNCT	PUNCT	_	36	punct
aarets-historie	9	39	den	den	PRON	PRON	Case=Acc|Gender=Com|Number=Sing|Person=3|PronType=Prs	41	nsubj
aarets-historie	9	40	er	være	AUX	AUX	Mood=Ind|Tense=Pres|VerbForm=Fin|Voice=Act	41	cop
aarets-historie	9	41	sådan	sådan	ADV	ADV	_	44	amod
aarets-historie	9	42	deres	deres	DET	DET	Number[psor]=Plur|Person=3|Poss=Yes|PronType=Prs	44	det
aarets-historie	9	43	egen	egen	ADJ	ADJ	Degree=Pos|Gender=Com|Number=Sing	44	amod
aarets-historie	9	44	Opfindelse	Opfindelse	NOUN	NOUN	Definite=Ind|Gender=Com|Number=Sing	30	obl
aarets-historie	9	45	,	,	PUNCT	PUNCT	_	30	punct
aarets-historie	9	46	og	og	CCONJ	CCONJ	_	16	cc
aarets-historie	9	47	så	så	ADV	ADV	_	48	advmod
aarets-historie	9	48	skal	skulle	AUX	AUX	Mood=Ind|Tense=Pres|VerbForm=Fin|Voice=Act	16	punct
aarets-historie	9	49	Alt	al	ADJ	ADJ	Degree=Pos|Gender=Neut|Number=Sing	50	amod
aarets-historie	9	50	gåe	gåe	PROPN	PROPN	_	48	dep
aarets-historie	9	51	efter	efter	ADP	ADP	AdpType=Prep	52	case
aarets-historie	9	52	den	den	PRON	PRON	Case=Acc|Gender=Com|Number=Sing|Person=3|PronType=Prs	48	obl
aarets-historie	9	53	!	!	PUNCT	PUNCT	_	52	punct
aarets-historie	10	0	men	men	CCONJ	CCONJ	_	2	cc
aarets-historie	10	1	det	det	PRON	PRON	Case=Acc|Gender=Neut|Number=Sing|Person=3|PronType=Prs	2	nsubj
aarets-historie	10	2	gør	gøre	VERB	VERB	Mood=Ind|Tense=Pres|VerbForm=Fin|Voice=Act	2	ROOT
aarets-historie	10	3	det	det	PRON	PRON	Case=Acc|Gender=Neut|Number=Sing|Person=3|PronType=Prs	2	obj
aarets-historie	10	4	ikke	ikke	ADV	ADV	_	2	advmod
aarets-historie	10	5	.	.	PUNCT	PUNCT	_	2	punct
aarets-historie	11	0	Når	når	SCONJ	SCONJ	_	2	mark
aarets-historie	11	1	Foråret	forår	NOUN	NOUN	Definite=Def|Gender=Neut|Number=Sing	2	nsubj
aarets-historie	11	2	kommer	komme	VERB	VERB	Mood=Ind|Tense=Pres|VerbForm=Fin|Voice=Act	5	mark
aarets-historie	11	3	,	,	PUNCT	PUNCT	_	2	punct
aarets-historie	11	4	så	så	ADV	ADV	_	5	advmod
aarets-historie	11	5	begynder	begynde	VERB	VERB	Mood=Ind|Tense=Pres|VerbForm=Fin|Voice=Act	5	ROOT
aarets-historie	11	6	Året	Året	NOUN	NOUN	Definite=Def|Gender=Neut|Number=Sing	5	nsubj
aarets-historie	11	7	,	,	PUNCT	PUNCT	_	10	punct
aarets-historie	11	8	det	det	PRON	PRON	Case=Acc|Gender=Neut|Number=Sing|Person=3|PronType=Prs	10	nsubj
aarets-historie	11	9	er	være	AUX	AUX	Mood=Ind|Tense=Pres|VerbForm=Fin|Voice=Act	10	cop
aarets-historie	11	10	Naturens	naturens	NOUN	NOUN	Case=Gen|Definite=Def|Gender=Com|Number=Sing	11	amod
aarets-historie	11	11	Gang	Gang	NOUN	NOUN	Definite=Ind|Gender=Com|Number=Sing	5	obl
aarets-historie	11	12	,	,	PUNCT	PUNCT	_	15	punct
aarets-historie	11	13	og	og	CCONJ	CCONJ	_	15	cc
aarets-historie	11	14	den	den	PRON	PRON	Case=Acc|Gender=Com|Number=Sing|Person=3|PronType=Prs	15	obj
aarets-historie	11	15	regner	regne	VERB	VERB	Mood=Ind|Tense=Pres|VerbForm=Fin|Voice=Act	5	conj
aarets-historie	11	16	jeg	jeg	PRON	PRON	Case=Nom|Gender=Com|Number=Sing|Person=1|PronType=Prs	15	nsubj
aarets-historie	11	17	efter	efter	ADP	ADP	AdpType=Prep	15	advmod
aarets-historie	11	18	!	!	PUNCT	PUNCT	_	5	punct
aarets-historie	11	19	«	«	NOUN	NOUN	Definite=Ind|Gender=Com|Number=Sing	19	ROOT
aarets-historie	11	20	"
"	"
"	SPACE	SPACE	_	19	dep
aarets-historie	11	21	»	»	PROPN	PROPN	_	19	punct
aarets-historie	11	22	Men	men	CCONJ	CCONJ	_	25	cc
aarets-historie	11	23	,	,	PUNCT	PUNCT	_	25	punct
aarets-historie	11	24	når	når	SCONJ	SCONJ	_	25	mark
aarets-historie	11	25	kommer	komme	VERB	VERB	Mood=Ind|Tense=Pres|VerbForm=Fin|Voice=Act	25	ROOT
aarets-historie	11	26	Foråret	forår	NOUN	NOUN	Definite=Def|Gender=Neut|Number=Sing	25	nsubj
aarets-historie	11	27	?	?	PUNCT	PUNCT	_	25	punct
aarets-historie	11	28	«	«	NOUN	NOUN	Definite=Ind|Gender=Com|Number=Sing	30	dep
aarets-historie	11	29	"
"	"
"	SPACE	SPACE	_	28	dep
aarets-historie	11	30	spurgte	spørge	VERB	VERB	Mood=Ind|Tense=Past|VerbForm=Fin|Voice=Act	30	ROOT
aarets-historie	11	31	de	den	PRON	PRON	Number=Plur|PronType=Dem	30	nsubj
aarets-historie	11	32	Andre	Anden	PRON	PRON	Number=Plur|PronType=Ind	30	obj
aarets-historie	11	33	.	.	PUNCT	PUNCT	_	30	punct
aarets-historie	12	0	»	»	NOUN	NOUN	Definite=Ind|Gender=Com|Number=Sing	2	punct
aarets-historie	12	1	Det	det	PRON	PRON	Case=Acc|Gender=Neut|Number=Sing|Person=3|PronType=Prs	2	nsubj
aarets-historie	12	2	kommer	komme	VERB	VERB	Mood=Ind|Tense=Pres|VerbForm=Fin|Voice=Act	2	ROOT
aarets-historie	12	3	når	når	SCONJ	SCONJ	_	5	mark
aarets-historie	12	4	Storken	storke	NOUN	NOUN	Definite=Def|Gender=Com|Number=Sing	5	nsubj
aarets-historie	12	5	kommer	komme	VERB	VERB	Mood=Ind|Tense=Pres|VerbForm=Fin|Voice=Act	2	advmod
aarets-historie	12	6	,	,	PUNCT	PUNCT	_	11	punct
aarets-historie	12	7	men	men	CCONJ	CCONJ	_	11	cc
aarets-historie	12	8	det	det	PRON	PRON	Case=Acc|Gender=Neut|Number=Sing|Person=3|PronType=Prs	11	nsubj
aarets-historie	12	9	er	være	AUX	AUX	Mood=Ind|Tense=Pres|VerbForm=Fin|Voice=Act	11	cop
aarets-historie	12	10	meget	meget	ADV	ADV	Degree=Pos	11	advmod
aarets-historie	12	11	ubestemt	ubestemt	ADJ	ADJ	Definite=Ind|Degree=Pos|Number=Sing	2	conj
aarets-historie	12	12	med	med	ADP	ADP	AdpType=Prep	13	case
aarets-historie	12	13	ham	han	PRON	PRON	Case=Acc|Gender=Com|Number=Sing|Person=3|PronType=Prs	11	obl
aarets-historie	12	14	,	,	PUNCT	PUNCT	_	19	punct
aarets-historie	12	15	og	og	CCONJ	CCONJ	_	19	cc
aarets-historie	12	16	herinde	herinde	ADV	ADV	_	19	advmod
aarets-historie	12	17	i	i	ADP	ADP	AdpType=Prep	18	case
aarets-historie	12	18	Byen	Byen	NOUN	NOUN	Definite=Def|Gender=Com|Number=Sing	19	obl
aarets-historie	12	19	er	være	VERB	VERB	Mood=Ind|Tense=Pres|VerbForm=Fin|Voice=Act	2	conj
aarets-historie	12	20	der	der	ADV	ADV	PartType=Inf	19	expl
aarets-historie	12	21	Ingen	ingen	PRON	PRON	Gender=Com|Number=Sing|PronType=Ind	19	obj
aarets-historie	12	22	,	,	PUNCT	PUNCT	_	21	punct
aarets-historie	12	23	der	der	PRON	PRON	PartType=Inf	24	nsubj
aarets-historie	12	24	ved	vide	ADP	ADP	AdpType=Prep	26	case
aarets-historie	12	25	noget	nogen	DET	DET	Gender=Neut|Number=Sing|PronType=Ind	26	det
aarets-historie	12	26	derom	derom	ADV	ADV	_	19	obl
aarets-historie	12	27	,	,	PUNCT	PUNCT	_	26	punct
aarets-historie	12	28	det	det	PRON	PRON	Case=Acc|Gender=Neut|Number=Sing|Person=3|PronType=Prs	26	dep
aarets-historie	12	29	ved	ved	ADP	ADP	AdpType=Prep	31	case
aarets-historie	12	30	de	den	DET	DET	Number=Plur|PronType=Dem	31	det
aarets-historie	12	31	bedre	god	ADV	ADV	Degree=Cmp	26	nmod
aarets-historie	12	32	ude	ude	ADV	ADV	_	31	advmod
aarets-historie	12	33	på	på	ADP	ADP	AdpType=Prep	34	case
aarets-historie	12	34	Landet	land	NOUN	NOUN	Definite=Def|Gender=Neut|Number=Sing	32	obl
aarets-historie	12	35	;	;	PUNCT	PUNCT	_	32	punct
aarets-historie	12	36	skal	skulle	AUX	AUX	Mood=Ind|Tense=Pres|VerbForm=Fin|Voice=Act	38	aux
aarets-historie	12	37	vi	vi	PRON	PRON	Case=Nom|Gender=Com|Number=Plur|Person=1|PronType=Prs	38	nsubj
aarets-historie	12	38	flyve	flyve	VERB	VERB	VerbForm=Inf|Voice=Act	19	xcomp
aarets-historie	12	39	derud	derud	ADV	ADV	_	38	advmod:lmod
aarets-historie	12	40	og	og	CCONJ	CCONJ	_	41	cc
aarets-historie	12	41	vente	vente	VERB	VERB	VerbForm=Inf|Voice=Act	38	conj
aarets-historie	12	42	?	?	PUNCT	PUNCT	_	2	punct
aarets-historie	13	0	Der	der	ADV	ADV	PartType=Inf	1	expl
aarets-historie	13	1	er	være	VERB	VERB	Mood=Ind|Tense=Pres|VerbForm=Fin|Voice=Act	1	ROOT
aarets-historie	13	2	man	man	PRON	PRON	Case=Nom|Gender=Com|PronType=Ind	1	nsubj
aarets-historie	13	3	da	da	ADV	ADV	_	1	advmod
aarets-historie	13	4	Foråret	forår	NOUN	NOUN	Definite=Def|Gender=Neut|Number=Sing	5	nsubj
aarets-historie	13	5	nærmere	nærmere	ADV	ADV	Degree=Cmp	1	advmod
aarets-historie	13	6	.	.	PUNCT	PUNCT	_	1	punct
aarets-historie	13	7	«	«	NOUN	NOUN	Definite=Ind|Gender=Com|Number=Sing	7	ROOT
aarets-historie	13	8	"
"	"
"	SPACE	SPACE	_	7	dep
aarets-historie	13	9	»	»	PUNCT	PUNCT	_	7	punct
aarets-historie	13	10	Ja	ja	INTJ	INTJ	_	18	dep
aarets-historie	13	11	,	,	PUNCT	PUNCT	_	16	punct
aarets-historie	13	12	det	det	PRON	PRON	Case=Acc|Gender=Neut|Number=Sing|Person=3|PronType=Prs	16	nsubj
aarets-historie	13	13	kan	kunne	AUX	AUX	Mood=Ind|Tense=Pres|VerbForm=Fin|Voice=Act	16	aux
aarets-historie	13	14	være	være	AUX	AUX	VerbForm=Inf|Voice=Act	16	cop
aarets-historie	13	15	meget	meget	ADV	ADV	Degree=Pos	16	advmod
aarets-historie	13	16	godt	god	ADJ	ADJ	Definite=Ind|Degree=Pos|Gender=Neut|Number=Sing	10	conj
aarets-historie	13	17	!	!	PUNCT	PUNCT	_	10	punct
aarets-historie	13	18	«	«	NOUN	NOUN	Definite=Ind|Gender=Com|Number=Sing	20	dep
aarets-historie	13	19	"
"	"
"	SPACE	SPACE	_	18	dep
aarets-historie	13	20	sagde	sige	VERB	VERB	Mood=Ind|Tense=Past|VerbForm=Fin|Voice=Act	20	ROOT
aarets-historie	13	21	en	en	PRON	PRON	Gender=Com|Number=Sing|PronType=Ind	20	obj
aarets-historie	13	22	af	af	ADP	ADP	AdpType=Prep	23	case
aarets-historie	13	23	dem	de	PRON	PRON	Case=Acc|Number=Plur|Person=3|PronType=Prs	21	nmod
aarets-historie	13	24	,	,	PUNCT	PUNCT	_	21	punct
aarets-historie	13	25	der	der	PRON	PRON	PartType=Inf	28	nsubj
aarets-historie	13	26	længe	længe	ADV	ADV	Degree=Pos	28	advmod
aarets-historie	13	27	havde	have	AUX	AUX	Mood=Ind|Tense=Past|VerbForm=Fin|Voice=Act	28	aux
aarets-historie	13	28	gået	gå	VERB	VERB	Definite=Ind|Number=Sing|Tense=Past|VerbForm=Part	21	acl:relcl
aarets-historie	13	29	og	og	CCONJ	CCONJ	_	30	cc
aarets-historie	13	30	pippet	pippet	NOUN	NOUN	Definite=Def|Gender=Neut|Number=Sing	28	conj
aarets-historie	13	31	uden	uden	ADP	ADP	AdpType=Prep	34	mark
aarets-historie	13	32	egentlig	egentlig	ADV	ADV	_	33	advmod
aarets-historie	13	33	at	at	PART	PART	PartType=Inf	34	mark
aarets-historie	13	34	sige	sige	VERB	VERB	VerbForm=Inf|Voice=Act	30	advcl
aarets-historie	13	35	Noget	nogen	PRON	PRON	Gender=Neut|Number=Sing|PronType=Ind	34	obj
aarets-historie	13	36	.	.	PUNCT	PUNCT	_	20	punct
aarets-historie	14	0	»	»	NOUN	NOUN	Definite=Ind|Gender=Com|Number=Sing	0	ROOT
aarets-historie	14	1	"
"	"
"	SPACE	SPACE	_	0	dep
aarets-historie	14	2	Jeg	jeg	PRON	PRON	Case=Nom|Gender=Com|Number=Sing|Person=1|PronType=Prs	4	nsubj
aarets-historie	14	3	har	have	AUX	AUX	Mood=Ind|Tense=Pres|VerbForm=Fin|Voice=Act	4	aux
aarets-historie	14	4	herinde	herinde	ADV	ADV	_	4	ROOT
aarets-historie	14	5	i	i	ADP	ADP	AdpType=Prep	6	case
aarets-historie	14	6	Byen	By	NOUN	NOUN	Definite=Def|Gender=Com|Number=Sing	4	obl
aarets-historie	14	7	nogle	nogen	DET	DET	Number=Plur|PronType=Ind	8	det
aarets-historie	14	8	Beqvemmeligheder	Beqvemmeligheder	NOUN	NOUN	Definite=Ind|Gender=Com|Number=Plur	4	obj
aarets-historie	14	9	,	,	PUNCT	PUNCT	_	8	punct
aarets-historie	14	10	som	som	ADP	ADP	PartType=Inf	13	dep
aarets-historie	14	11	jeg	jeg	PRON	PRON	Case=Nom|Gender=Com|Number=Sing|Person=1|PronType=Prs	13	nsubj
aarets-historie	14	12	er	være	AUX	AUX	Mood=Ind|Tense=Pres|VerbForm=Fin|Voice=Act	13	cop
aarets-historie	14	13	bange	bange	ADJ	ADJ	Degree=Pos	8	acl:relcl
aarets-historie	14	14	,	,	PUNCT	PUNCT	_	13	punct
aarets-historie	14	15	at	at	SCONJ	SCONJ	_	18	mark
aarets-historie	14	16	jeg	jeg	PRON	PRON	Case=Nom|Gender=Com|Number=Sing|Person=1|PronType=Prs	18	nsubj
aarets-historie	14	17	vil	ville	AUX	AUX	Mood=Ind|Tense=Pres|VerbForm=Fin|Voice=Act	18	aux
aarets-historie	14	18	komme	komme	VERB	VERB	VerbForm=Inf|Voice=Act	11	acl:relcl
aarets-historie	14	19	til	til	ADP	ADP	AdpType=Prep	21	mark
aarets-historie	14	20	at	at	PART	PART	PartType=Inf	21	mark
aarets-historie	14	21	savne	savne	VERB	VERB	VerbForm=Inf|Voice=Act	18	advcl
aarets-historie	14	22	derude	derude	ADV	ADV	_	21	advmod
aarets-historie	14	23	.	.	PUNCT	PUNCT	_	4	punct
aarets-historie	15	0	Heromme	Heromme	X	X	Abbr=Yes	0	ROOT
aarets-historie	15	1	i	i	ADP	ADP	AdpType=Prep	3	case
aarets-historie	15	2	en	en	DET	DET	Gender=Com|Number=Sing|PronType=Ind	3	det
aarets-historie	15	3	Gård	Gård	NOUN	NOUN	Definite=Ind|Gender=Com|Number=Sing	0	nmod
aarets-historie	15	4	er	være	VERB	VERB	Mood=Ind|Tense=Pres|VerbForm=Fin|Voice=Act	4	ROOT
aarets-historie	15	5	der	der	ADV	ADV	PartType=Inf	4	expl
aarets-historie	15	6	en	en	DET	DET	Gender=Com|Number=Sing|PronType=Ind	7	det
aarets-historie	15	7	Menneske-Familie	Menneske-Familie	NOUN	NOUN	Definite=Ind|Gender=Com|Number=Sing	4	obj
aarets-historie	15	8	,	,	PUNCT	PUNCT	_	7	punct
aarets-historie	15	9	der	der	PRON	PRON	PartType=Inf	13	nsubj
aarets-historie	15	10	meget	meget	ADV	ADV	Degree=Pos	11	advmod
aarets-historie	15	11	fornuftigt	fornuftigt	ADV	ADV	Degree=Pos	13	advmod
aarets-historie	15	12	har	have	AUX	AUX	Mood=Ind|Tense=Pres|VerbForm=Fin|Voice=Act	13	aux
aarets-historie	15	13	fundet	finde	VERB	VERB	Definite=Ind|Number=Sing|Tense=Past|VerbForm=Part	7	acl:relcl
aarets-historie	15	14	på	på	ADP	ADP	AdpType=Prep	16	case
aarets-historie	15	15	at	at	SCONJ	SCONJ	_	16	mark
aarets-historie	15	16	slåe	slåe	PROPN	PROPN	_	13	obl
aarets-historie	15	17	fast	fast	ADV	ADV	Degree=Pos	13	advmod
aarets-historie	15	18	i	i	ADP	ADP	AdpType=Prep	19	case
aarets-historie	15	19	Væggen	Væg	NOUN	NOUN	Definite=Def|Gender=Com|Number=Sing	13	obl
aarets-historie	15	20	tre	tre	NUM	NUM	NumType=Card	19	nmod
aarets-historie	15	21	,	,	PUNCT	PUNCT	_	13	punct
aarets-historie	15	22	fire	fire	NUM	NUM	NumType=Card	23	nummod
aarets-historie	15	23	Urtepotter	urtepotter	NOUN	NOUN	Definite=Ind|Gender=Com|Number=Plur	7	flat
aarets-historie	15	24	med	med	ADP	ADP	AdpType=Prep	27	case
aarets-historie	15	25	den	den	DET	DET	Gender=Com|Number=Sing|PronType=Dem	27	det
aarets-historie	15	26	store	stor	ADJ	ADJ	Definite=Def|Degree=Pos|Number=Sing	27	amod
aarets-historie	15	27	Åbning	Åbning	NOUN	NOUN	Definite=Ind|Gender=Com|Number=Sing	23	nmod
aarets-historie	15	28	ind	ind	ADV	ADV	_	27	nmod
aarets-historie	15	29	og	og	CCONJ	CCONJ	_	30	cc
aarets-historie	15	30	Bunden	bund	NOUN	NOUN	Definite=Def|Gender=Com|Number=Sing	28	conj
aarets-historie	15	31	ud	ud	ADV	ADV	_	23	advmod
aarets-historie	15	32	ad	ad	ADP	ADP	AdpType=Prep	31	mark
aarets-historie	15	33	,	,	PUNCT	PUNCT	_	23	punct
aarets-historie	15	34	i	i	ADP	ADP	AdpType=Prep	36	mark
aarets-historie	15	35	den	den	PRON	PRON	Case=Acc|Gender=Com|Number=Sing|Person=3|PronType=Prs	36	dep
aarets-historie	15	36	er	være	VERB	VERB	Mood=Ind|Tense=Pres|VerbForm=Fin|Voice=Act	4	advcl
aarets-historie	15	37	der	der	ADV	ADV	PartType=Inf	38	expl
aarets-historie	15	38	skåret	skåre	VERB	VERB	Definite=Ind|Number=Sing|Tense=Past|VerbForm=Part	36	xcomp
aarets-historie	15	39	et	en	DET	DET	Gender=Neut|Number=Sing|PronType=Ind	40	det
aarets-historie	15	40	Hul	hul	NOUN	NOUN	Definite=Ind|Gender=Neut|Number=Sing	38	obj
aarets-historie	15	41	så	så	ADV	ADV	_	42	advmod
aarets-historie	15	42	stort	stor	ADJ	ADJ	Definite=Ind|Degree=Pos|Gender=Neut|Number=Sing	38	compound:prt
aarets-historie	15	43	,	,	PUNCT	PUNCT	_	42	punct
aarets-historie	15	44	at	at	SCONJ	SCONJ	_	47	mark
aarets-historie	15	45	jeg	jeg	PRON	PRON	Case=Nom|Gender=Com|Number=Sing|Person=1|PronType=Prs	47	nsubj
aarets-historie	15	46	kan	kunne	AUX	AUX	Mood=Ind|Tense=Pres|VerbForm=Fin|Voice=Act	47	aux
aarets-historie	15	47	flyve	flyve	VERB	VERB	VerbForm=Inf|Voice=Act	41	advcl
aarets-historie	15	48	ud	ud	ADV	ADV	_	47	advmod:lmod
aarets-historie	15	49	og	og	CCONJ	CCONJ	_	50	cc
aarets-historie	15	50	ind	ind	ADV	ADV	_	48	conj
aarets-historie	15	51	;	;	PUNCT	PUNCT	_	53	punct
aarets-historie	15	52	der	der	PRON	PRON	PartType=Inf	53	expl
aarets-historie	15	53	har	have	VERB	VERB	Mood=Ind|Tense=Pres|VerbForm=Fin|Voice=Act	47	conj
aarets-historie	15	54	jeg	jeg	PRON	PRON	Case=Nom|Gender=Com|Number=Sing|Person=1|PronType=Prs	53	nsubj
aarets-historie	15	55	og	og	CCONJ	CCONJ	_	58	cc
aarets-historie	15	56	min	min	DET	DET	Gender=Com|Number=Sing|Number[psor]=Sing|Person=1|Poss=Yes|PronType=Prs	58	det
aarets-historie	15	57	Mand	mand	NOUN	NOUN	Definite=Ind|Gender=Com|Number=Sing	58	amod
aarets-historie	15	58	Rede	rede	ADJ	ADJ	Definite=Ind|Degree=Pos|Gender=Neut|Number=Sing	53	conj
aarets-historie	15	59	,	,	PUNCT	PUNCT	_	66	punct
aarets-historie	15	60	og	og	CCONJ	CCONJ	_	66	cc
aarets-historie	15	61	derfra	derfra	ADV	ADV	_	66	advmod
aarets-historie	15	62	er	være	AUX	AUX	Mood=Ind|Tense=Pres|VerbForm=Fin|Voice=Act	66	aux
aarets-historie	15	63	alle	al	ADJ	ADJ	Degree=Pos|Number=Plur	65	amod
aarets-historie	15	64	vore	vores	DET	DET	Number=Plur|Number[psor]=Plur|Person=1|Poss=Yes|PronType=Prs|Style=Form	65	det
aarets-historie	15	65	Unger	Unge	NOUN	NOUN	Definite=Ind|Gender=Com|Number=Plur	66	nsubj
aarets-historie	15	66	fløjne	fløjne	VERB	VERB	Definite=Ind|Number=Sing|Tense=Past|VerbForm=Part	53	conj
aarets-historie	15	67	ud	ud	ADV	ADV	_	66	advmod
aarets-historie	15	68	.	.	PUNCT	PUNCT	_	4	punct
aarets-historie	16	0	Menneskefamilien	Menneskefamilien	NOUN	NOUN	Definite=Def|Gender=Com|Number=Sing	3	nsubj
aarets-historie	16	1	har	have	AUX	AUX	Mood=Ind|Tense=Pres|VerbForm=Fin|Voice=Act	3	aux
aarets-historie	16	2	naturligvis	naturligvis	ADV	ADV	_	3	advmod
aarets-historie	16	3	indrettet	indrette	VERB	VERB	Definite=Ind|Number=Sing|Tense=Past|VerbForm=Part	3	ROOT
aarets-historie	16	4	det	den	DET	DET	Gender=Neut|Number=Sing|PronType=Dem	5	det
aarets-historie	16	5	Hele	Hel	ADJ	ADJ	Definite=Def|Degree=Pos|Number=Sing	3	obj
aarets-historie	16	6	for	for	ADP	ADP	AdpType=Prep	8	mark
aarets-historie	16	7	at	at	PART	PART	PartType=Inf	8	mark
aarets-historie	16	8	have	have	VERB	VERB	VerbForm=Inf|Voice=Act	3	advcl
aarets-historie	16	9	den	den	DET	DET	Gender=Com|Number=Sing|PronType=Dem	10	det
aarets-historie	16	10	Fornøjelse	fornøjelse	NOUN	NOUN	Definite=Ind|Gender=Com|Number=Sing	8	obj
aarets-historie	16	11	at	at	PART	PART	PartType=Inf	12	mark
aarets-historie	16	12	se	se	VERB	VERB	VerbForm=Inf|Voice=Act	8	obj
aarets-historie	16	13	på	på	ADP	ADP	AdpType=Prep	14	case
aarets-historie	16	14	os	vi	PRON	PRON	Case=Acc|Gender=Com|Number=Plur|Person=1|PronType=Prs	12	obl
aarets-historie	16	15	,	,	PUNCT	PUNCT	_	3	punct
aarets-historie	16	16	ellers	ellers	ADV	ADV	_	21	advmod
aarets-historie	16	17	havde	have	AUX	AUX	Mood=Ind|Tense=Past|VerbForm=Fin|Voice=Act	21	aux
aarets-historie	16	18	de	de	PRON	PRON	Case=Nom|Number=Plur|Person=3|PronType=Prs	21	nsubj
aarets-historie	16	19	nok	nok	ADV	ADV	_	21	advmod
aarets-historie	16	20	ikke	ikke	ADV	ADV	_	21	advmod
aarets-historie	16	21	gjort	gøre	VERB	VERB	Definite=Ind|Number=Sing|Tense=Past|VerbForm=Part	3	advcl
aarets-historie	16	22	det	det	PRON	PRON	Case=Acc|Gender=Neut|Number=Sing|Person=3|PronType=Prs	21	obj
aarets-historie	16	23	.	.	PUNCT	PUNCT	_	3	punct
aarets-historie	17	0	De	de	DET	DET	Number=Plur|PronType=Dem	1	nsubj
aarets-historie	17	1	strø	strøe	VERB	VERB	Mood=Ind|Tense=Pres|VerbForm=Fin|Voice=Act	1	ROOT
aarets-historie	17	2	Brødkrummer	brødkrummer	NOUN	NOUN	Definite=Ind|Gender=Neut|Number=Plur	1	obj
aarets-historie	17	3	ud	ud	ADV	ADV	_	1	advmod:lmod
aarets-historie	17	4	,	,	PUNCT	PUNCT	_	1	punct
aarets-historie	17	5	også	også	ADV	ADV	_	8	advmod
aarets-historie	17	6	for	for	ADP	ADP	AdpType=Prep	5	case
aarets-historie	17	7	deres	deres	DET	DET	Number[psor]=Plur|Person=3|Poss=Yes|PronType=Prs	8	det
aarets-historie	17	8	Fornøjelse	fornøjelse	NOUN	NOUN	Definite=Ind|Gender=Com|Number=Sing	1	obl
aarets-historie	17	9	,	,	PUNCT	PUNCT	_	12	punct
aarets-historie	17	10	og	og	CCONJ	CCONJ	_	12	cc
aarets-historie	17	11	vi	vi	PRON	PRON	Case=Nom|Gender=Com|Number=Plur|Person=1|PronType=Prs	12	nsubj
aarets-historie	17	12	have	have	VERB	VERB	VerbForm=Inf|Voice=Act	1	conj
aarets-historie	17	13	da	da	SCONJ	SCONJ	_	14	advmod
aarets-historie	17	14	Føden	fød	NOUN	NOUN	Definite=Def|Gender=Com|Number=Sing	12	obj
aarets-historie	17	15	!	!	PUNCT	PUNCT	_	1	punct
aarets-historie	18	0	der	der	ADV	ADV	PartType=Inf	1	expl
aarets-historie	18	1	er	være	AUX	AUX	Mood=Ind|Tense=Pres|VerbForm=Fin|Voice=Act	1	ROOT
aarets-historie	18	2	ligesom	ligesom	PART	PART	PartType=Inf	3	mark
aarets-historie	18	3	sørget	sørge	VERB	VERB	Definite=Ind|Number=Sing|Tense=Past|VerbForm=Part	1	xcomp
aarets-historie	18	4	for	for	ADP	ADP	AdpType=Prep	5	case
aarets-historie	18	5	En	en	DET	DET	Gender=Com|Number=Sing|PronType=Ind	3	obl
aarets-historie	18	6	;	;	PUNCT	PUNCT	_	7	punct
aarets-historie	18	7	–	–	NOUN	NOUN	Definite=Ind|Gender=Neut|Number=Sing	5	conj
aarets-historie	18	8	og	og	CCONJ	CCONJ	_	10	cc
aarets-historie	18	9	så	så	ADV	ADV	_	10	advmod
aarets-historie	18	10	tror	tro	VERB	VERB	Mood=Ind|Tense=Pres|VerbForm=Fin|Voice=Act	1	conj
aarets-historie	18	11	jeg	jeg	PRON	PRON	Case=Nom|Gender=Com|Number=Sing|Person=1|PronType=Prs	10	nsubj
aarets-historie	18	12	,	,	PUNCT	PUNCT	_	10	punct
aarets-historie	18	13	at	at	SCONJ	SCONJ	_	18	mark
aarets-historie	18	14	jeg	jeg	PRON	PRON	Case=Nom|Gender=Com|Number=Sing|Person=1|PronType=Prs	18	nsubj
aarets-historie	18	15	bliver	blive	AUX	AUX	Mood=Ind|Tense=Pres|VerbForm=Fin|Voice=Act	18	cop
aarets-historie	18	16	og	og	CCONJ	CCONJ	_	18	cc
aarets-historie	18	17	min	min	DET	DET	Gender=Com|Number=Sing|Number[psor]=Sing|Person=1|Poss=Yes|PronType=Prs	18	det
aarets-historie	18	18	Mand	Mand	NOUN	NOUN	Definite=Ind|Gender=Com|Number=Sing	10	dep
aarets-historie	18	19	bliver	blive	AUX	AUX	Mood=Ind|Tense=Pres|VerbForm=Fin|Voice=Act	10	advmod
aarets-historie	18	20	!	!	PUNCT	PUNCT	_	1	punct
aarets-historie	19	0	skøndt	skønd	ADJ	ADJ	Definite=Ind|Degree=Pos|Number=Sing	0	ROOT
aarets-historie	19	1	vi	vi	PRON	PRON	Case=Nom|Gender=Com|Number=Plur|Person=1|PronType=Prs	4	nsubj
aarets-historie	19	2	er	være	AUX	AUX	Mood=Ind|Tense=Pres|VerbForm=Fin|Voice=Act	4	cop
aarets-historie	19	3	meget	meget	ADV	ADV	Degree=Pos	4	advmod
aarets-historie	19	4	misfornøjede	misfornøjet	ADJ	ADJ	Definite=Ind|Degree=Pos|Gender=Com|Number=Sing	0	dep
aarets-historie	19	5	,	,	PUNCT	PUNCT	_	4	punct
aarets-historie	19	6	–	–	INTJ	INTJ	_	0	cc
aarets-historie	19	7	men	men	CCONJ	CCONJ	_	9	cc
aarets-historie	19	8	vi	vi	PRON	PRON	Case=Nom|Gender=Com|Number=Plur|Person=1|PronType=Prs	9	nsubj
aarets-historie	19	9	blive	blive	AUX	AUX	VerbForm=Inf|Voice=Act	0	conj
aarets-historie	19	10	!	!	PUNCT	PUNCT	_	0	punct
aarets-historie	19	11	«	«	NOUN	NOUN	Definite=Ind|Gender=Com|Number=Sing	0	obl
aarets-historie	19	12	"
"	"
"	SPACE	SPACE	_	11	dep
aarets-historie	19	13	»	»	PROPN	PROPN	_	0	punct
aarets-historie	19	14	Og	og	CCONJ	CCONJ	_	16	cc
aarets-historie	19	15	vi	vi	PRON	PRON	Case=Nom|Gender=Com|Number=Plur|Person=1|PronType=Prs	16	nsubj
aarets-historie	19	16	flyve	flyve	VERB	VERB	VerbForm=Inf|Voice=Act	16	ROOT
aarets-historie	19	17	ud	ud	ADV	ADV	_	16	advmod:lmod
aarets-historie	19	18	på	på	ADP	ADP	AdpType=Prep	19	case
aarets-historie	19	19	Landet	land	NOUN	NOUN	Definite=Def|Gender=Neut|Number=Sing	17	obl
aarets-historie	19	20	,	,	PUNCT	PUNCT	_	16	punct
aarets-historie	19	21	for	for	ADP	ADP	AdpType=Prep	23	mark
aarets-historie	19	22	at	at	PART	PART	PartType=Inf	23	mark
aarets-historie	19	23	se	se	VERB	VERB	VerbForm=Inf|Voice=Act	16	advcl
aarets-historie	19	24	om	om	ADP	ADP	AdpType=Prep	26	case
aarets-historie	19	25	ikke	ikke	ADV	ADV	_	26	advmod
aarets-historie	19	26	Foråret	forår	NOUN	NOUN	Definite=Def|Gender=Neut|Number=Sing	27	nsubj
aarets-historie	19	27	kommer	komme	VERB	VERB	Mood=Ind|Tense=Pres|VerbForm=Fin|Voice=Act	23	obj
aarets-historie	19	28	!	!	PUNCT	PUNCT	_	16	punct
aarets-historie	19	29	«	«	NOUN	NOUN	Definite=Ind|Gender=Com|Number=Sing	16	obj
aarets-historie	19	30	"
"	"
"	SPACE	SPACE	_	29	dep
aarets-historie	19	31	og	og	CCONJ	CCONJ	_	33	cc
aarets-historie	19	32	så	så	ADV	ADV	_	33	advmod
aarets-historie	19	33	fløj	flyve	VERB	VERB	Mood=Ind|Tense=Past|VerbForm=Fin|Voice=Act	16	conj
aarets-historie	19	34	de	de	PRON	PRON	Case=Nom|Number=Plur|Person=3|PronType=Prs	33	nsubj
aarets-historie	19	35	.	.	PUNCT	PUNCT	_	16	punct
aarets-historie	20	0	Og	og	CCONJ	CCONJ	_	2	cc
aarets-historie	20	1	der	der	ADV	ADV	PartType=Inf	2	expl
aarets-historie	20	2	var	være	VERB	VERB	Mood=Ind|Tense=Past|VerbForm=Fin|Voice=Act	2	ROOT
aarets-historie	20	3	ordentlig	ordentlig	ADJ	ADJ	Definite=Ind|Degree=Pos|Gender=Com|Number=Sing	4	amod
aarets-historie	20	4	Vinter	vinter	NOUN	NOUN	Definite=Ind|Gender=Com|Number=Sing	2	obj
aarets-historie	20	5	ude	ude	ADV	ADV	_	2	advmod
aarets-historie	20	6	på	på	ADP	ADP	AdpType=Prep	7	case
aarets-historie	20	7	Landet	land	NOUN	NOUN	Definite=Def|Gender=Neut|Number=Sing	5	obl
aarets-historie	20	8	;	;	PUNCT	PUNCT	_	10	punct
aarets-historie	20	9	det	det	PRON	PRON	Case=Acc|Gender=Neut|Number=Sing|Person=3|PronType=Prs	10	obj
aarets-historie	20	10	frøs	frøs	VERB	VERB	Mood=Ind|Tense=Past|VerbForm=Fin|Voice=Act	2	conj
aarets-historie	20	11	der	der	ADV	ADV	PartType=Inf	10	expl
aarets-historie	20	12	et	en	DET	DET	Gender=Neut|Number=Sing|PronType=Ind	13	det
aarets-historie	20	13	Par	par	NOUN	NOUN	Definite=Ind|Gender=Neut|Number=Sing	10	obj
aarets-historie	20	14	Grader	grader	NOUN	NOUN	Definite=Ind|Gender=Com|Number=Sing	2	obj
aarets-historie	20	15	stærkere	stærk	ADJ	ADJ	Degree=Cmp	2	advmod
aarets-historie	20	16	end	end	ADP	ADP	_	17	mark
aarets-historie	20	17	inde	inde	ADV	ADV	_	15	advmod
aarets-historie	20	18	i	i	ADP	ADP	AdpType=Prep	19	case
aarets-historie	20	19	Byen	Byen	NOUN	NOUN	Definite=Def|Gender=Com|Number=Sing	17	obl
aarets-historie	20	20	.	.	PUNCT	PUNCT	_	2	punct
aarets-historie	21	0	Den	den	DET	DET	Gender=Com|Number=Sing|PronType=Dem	2	det
aarets-historie	21	1	skarpe	skarp	ADJ	ADJ	Definite=Def|Degree=Pos|Number=Sing	2	amod
aarets-historie	21	2	Vind	Vind	NOUN	NOUN	Definite=Ind|Gender=Neut|Number=Sing	3	nsubj
aarets-historie	21	3	blæste	blæse	VERB	VERB	Mood=Ind|Tense=Past|VerbForm=Fin|Voice=Act	3	ROOT
aarets-historie	21	4	hen	hen	ADV	ADV	_	3	advmod
aarets-historie	21	5	over	over	ADP	ADP	AdpType=Prep	8	case
aarets-historie	21	6	de	den	DET	DET	Number=Plur|PronType=Dem	8	det
aarets-historie	21	7	snelagte	snelagte	ADJ	ADJ	Degree=Pos	8	amod
aarets-historie	21	8	Marker	Mark	NOUN	NOUN	Definite=Ind|Gender=Com|Number=Plur	4	obl
aarets-historie	21	9	.	.	PUNCT	PUNCT	_	3	punct
aarets-historie	22	0	Bonden	bond	NOUN	NOUN	Definite=Def|Gender=Com|Number=Sing	7	nsubj
aarets-historie	22	1	,	,	PUNCT	PUNCT	_	0	punct
aarets-historie	22	2	med	med	ADP	ADP	AdpType=Prep	4	case
aarets-historie	22	3	store	stor	ADJ	ADJ	Degree=Pos|Number=Plur	4	amod
aarets-historie	22	4	Bælvanter	bælvanter	NOUN	NOUN	Definite=Ind|Gender=Com|Number=Plur	0	nmod
aarets-historie	22	5	på	på	ADP	ADP	AdpType=Prep	4	mark
aarets-historie	22	6	,	,	PUNCT	PUNCT	_	4	punct
aarets-historie	22	7	sad	sidde	VERB	VERB	Mood=Ind|Tense=Past|VerbForm=Fin|Voice=Act	7	ROOT
aarets-historie	22	8	i	i	ADP	ADP	AdpType=Prep	10	case
aarets-historie	22	9	sin	sin	DET	DET	Gender=Com|Number=Sing|Number[psor]=Sing|Person=3|Poss=Yes|PronType=Prs|Reflex=Yes	10	det
aarets-historie	22	10	Slæde	Slæde	NOUN	NOUN	Definite=Ind|Gender=Com|Number=Sing	7	obl
aarets-historie	22	11	og	og	CCONJ	CCONJ	_	12	cc
aarets-historie	22	12	slog	slå	VERB	VERB	Mood=Ind|Tense=Past|VerbForm=Fin|Voice=Act	7	conj
aarets-historie	22	13	sig	sig	PRON	PRON	Case=Acc|Person=3|PronType=Prs|Reflex=Yes	12	obj
aarets-historie	22	14	med	med	ADP	ADP	AdpType=Prep	16	case
aarets-historie	22	15	sine	sin	DET	DET	Number=Plur|Number[psor]=Sing|Person=3|Poss=Yes|PronType=Prs|Reflex=Yes	16	det
aarets-historie	22	16	Arme	Arm	NOUN	NOUN	Definite=Ind|Gender=Com|Number=Plur	12	obl
aarets-historie	22	17	for	for	ADP	ADP	AdpType=Prep	19	mark
aarets-historie	22	18	at	at	PART	PART	PartType=Inf	19	mark
aarets-historie	22	19	fåe	fåe	VERB	VERB	VerbForm=Inf|Voice=Act	12	advcl
aarets-historie	22	20	Kulden	Kuld	NOUN	NOUN	Definite=Def|Gender=Com|Number=Sing	19	obj
aarets-historie	22	21	af	af	ADP	ADP	AdpType=Prep	22	case
aarets-historie	22	22	dem	de	PRON	PRON	Case=Acc|Number=Plur|Person=3|PronType=Prs	20	nmod
aarets-historie	22	23	,	,	PUNCT	PUNCT	_	20	punct
aarets-historie	22	24	Pidsken	Pidsken	NOUN	NOUN	Case=Gen|Definite=Def|Gender=Com|Number=Sing	25	nmod:poss
aarets-historie	22	25	låe	låe	NOUN	NOUN	Definite=Ind|Gender=Com|Number=Sing	20	appos
aarets-historie	22	26	på	på	ADP	ADP	AdpType=Prep	27	case
aarets-historie	22	27	Skødet	skød	NOUN	NOUN	Definite=Def|Gender=Neut|Number=Sing	25	nmod
aarets-historie	22	28	,	,	PUNCT	PUNCT	_	32	punct
aarets-historie	22	29	de	den	DET	DET	Number=Plur|PronType=Dem	31	det
aarets-historie	22	30	magre	mager	ADJ	ADJ	Degree=Pos|Number=Plur	31	amod
aarets-historie	22	31	Heste	Heste	NOUN	NOUN	Definite=Ind|Gender=Com|Number=Plur	32	nsubj
aarets-historie	22	32	løb	løb	NOUN	NOUN	Definite=Ind|Gender=Neut|Number=Sing	20	conj
aarets-historie	22	33	,	,	PUNCT	PUNCT	_	12	punct
aarets-historie	22	34	så	så	SCONJ	SCONJ	_	36	mark
aarets-historie	22	35	de	de	PRON	PRON	Case=Nom|Number=Plur|Person=3|PronType=Prs	36	nsubj
aarets-historie	22	36	dampede	dampe	VERB	VERB	Number=Plur|Tense=Past|VerbForm=Part	12	advmod
aarets-historie	22	37	,	,	PUNCT	PUNCT	_	36	punct
aarets-historie	22	38	snen	sn	NOUN	NOUN	Definite=Def|Gender=Com|Number=Sing	39	nsubj
aarets-historie	22	39	knagede	knage	VERB	VERB	Mood=Ind|Tense=Past|VerbForm=Fin|Voice=Act	36	conj
aarets-historie	22	40	,	,	PUNCT	PUNCT	_	43	punct
aarets-historie	22	41	og	og	CCONJ	CCONJ	_	43	cc
aarets-historie	22	42	Spurvene	Spurvene	NOUN	NOUN	Definite=Def|Gender=Com|Number=Plur	43	nsubj
aarets-historie	22	43	hoppede	hoppe	VERB	VERB	Mood=Ind|Tense=Past|VerbForm=Fin|Voice=Act	7	conj
aarets-historie	22	44	i	i	ADP	ADP	AdpType=Prep	45	case
aarets-historie	22	45	Hjulsporene	Hjulsporene	NOUN	NOUN	Definite=Def|Gender=Neut|Number=Plur	43	obl
aarets-historie	22	46	og	og	CCONJ	CCONJ	_	47	cc
aarets-historie	22	47	frøs	frøs	VERB	VERB	Mood=Ind|Tense=Past|VerbForm=Fin|Voice=Act	43	conj
aarets-historie	22	48	;	;	PUNCT	PUNCT	_	47	punct
aarets-historie	22	49	»	»	NOUN	NOUN	Definite=Ind|Gender=Com|Number=Sing	43	nsubj
aarets-historie	22	50	pip	pip	NOUN	NOUN	Definite=Ind|Gender=Neut|Number=Sing	43	obj
aarets-historie	22	51	!	!	PUNCT	PUNCT	_	7	punct
aarets-historie	23	0	når	når	ADV	ADV	_	1	advmod
aarets-historie	23	1	kommer	komme	VERB	VERB	Mood=Ind|Tense=Pres|VerbForm=Fin|Voice=Act	1	ROOT
aarets-historie	23	2	Våren	Våren	NOUN	NOUN	Definite=Def|Gender=Com|Number=Sing	1	nsubj
aarets-historie	23	3	?	?	PUNCT	PUNCT	_	1	punct
aarets-historie	24	0	Det	det	PRON	PRON	Case=Acc|Gender=Neut|Number=Sing|Person=3|PronType=Prs	1	nsubj
aarets-historie	24	1	varer	vare	VERB	VERB	Mood=Ind|Tense=Pres|VerbForm=Fin|Voice=Act	1	ROOT
aarets-historie	24	2	så	så	ADV	ADV	_	3	advmod
aarets-historie	24	3	længe	længe	ADV	ADV	Degree=Pos	1	advmod
aarets-historie	24	4	!	!	PUNCT	PUNCT	_	1	punct
aarets-historie	24	5	«	«	NOUN	NOUN	Definite=Ind|Gender=Com|Number=Sing	5	ROOT
aarets-historie	24	6	"
"	"
"	SPACE	SPACE	_	5	dep
aarets-historie	24	7	»	»	X	X	_	5	punct
aarets-historie	24	8	Så	så	ADV	ADV	_	9	advmod
aarets-historie	24	9	længe	længe	ADV	ADV	Degree=Pos	9	ROOT
aarets-historie	24	10	!	!	PUNCT	PUNCT	_	9	punct
aarets-historie	24	11	«	«	NOUN	NOUN	Definite=Ind|Gender=Com|Number=Sing	11	ROOT
aarets-historie	24	12	"
"	"
"	SPACE	SPACE	_	11	dep
aarets-historie	24	13	klang	klang	NOUN	NOUN	Definite=Ind|Gender=Com|Number=Sing	11	dep
aarets-historie	24	14	det	det	PRON	PRON	Case=Acc|Gender=Neut|Number=Sing|Person=3|PronType=Prs	15	nsubj
aarets-historie	24	15	hen	hen	ADV	ADV	_	15	ROOT
aarets-historie	24	16	over	over	ADP	ADP	AdpType=Prep	17	case
aarets-historie	24	17	Markerne	Mark	NOUN	NOUN	Definite=Def|Gender=Com|Number=Plur	15	obl
aarets-historie	24	18	fra	fra	ADP	ADP	AdpType=Prep	21	case
aarets-historie	24	19	den	den	DET	DET	Gender=Com|Number=Sing|PronType=Dem	21	det
aarets-historie	24	20	højeste	høj	ADJ	ADJ	Definite=Def|Degree=Sup	21	amod
aarets-historie	24	21	Banke	banke	NOUN	NOUN	Definite=Ind|Gender=Com|Number=Sing	17	nmod
aarets-historie	24	22	,	,	PUNCT	PUNCT	_	15	punct
aarets-historie	24	23	belagt	belægge	VERB	VERB	Definite=Ind|Number=Sing|Tense=Past|VerbForm=Part	15	amod
aarets-historie	24	24	med	med	ADP	ADP	AdpType=Prep	25	case
aarets-historie	24	25	Sne	sne	NOUN	NOUN	Definite=Ind|Gender=Com|Number=Sing	23	obl
aarets-historie	24	26	;	;	PUNCT	PUNCT	_	33	punct
aarets-historie	24	27	og	og	CCONJ	CCONJ	_	26	dep
aarets-historie	24	28	det	den	DET	DET	Gender=Neut|Number=Sing|PronType=Dem	29	det
aarets-historie	24	29	kunde	kunde	NOUN	NOUN	Definite=Ind|Gender=Com|Number=Sing	33	obj
aarets-historie	24	30	være	være	AUX	AUX	VerbForm=Inf|Voice=Act	29	amod
aarets-historie	24	31	Eccho	Eccho	NOUN	NOUN	Definite=Ind|Gender=Com|Number=Sing	29	nmod
aarets-historie	24	32	man	man	PRON	PRON	Case=Nom|Gender=Com|PronType=Ind	33	nsubj
aarets-historie	24	33	hørte	høre	VERB	VERB	Mood=Ind|Tense=Past|VerbForm=Fin|Voice=Act	15	conj
aarets-historie	24	34	,	,	PUNCT	PUNCT	_	40	punct
aarets-historie	24	35	men	men	CCONJ	CCONJ	_	40	cc
aarets-historie	24	36	det	den	DET	DET	Gender=Neut|Number=Sing|PronType=Dem	37	det
aarets-historie	24	37	kunde	kunde	NOUN	NOUN	Definite=Ind|Gender=Com|Number=Sing	40	nmod
aarets-historie	24	38	også	også	ADV	ADV	_	40	advmod
aarets-historie	24	39	være	være	AUX	AUX	VerbForm=Inf|Voice=Act	40	cop
aarets-historie	24	40	Tale	Tale	NOUN	NOUN	Definite=Ind|Gender=Com|Number=Sing	33	obj
aarets-historie	24	41	af	af	ADP	ADP	AdpType=Prep	45	case
aarets-historie	24	42	den	den	DET	DET	Gender=Com|Number=Sing|PronType=Dem	45	det
aarets-historie	24	43	underlige	underlig	ADJ	ADJ	Definite=Def|Degree=Pos|Number=Sing	45	amod
aarets-historie	24	44	gamle	gammel	ADJ	ADJ	Definite=Def|Degree=Pos|Number=Sing	45	amod
aarets-historie	24	45	Mand	mand	NOUN	NOUN	Definite=Ind|Gender=Com|Number=Sing	40	nmod
aarets-historie	24	46	,	,	PUNCT	PUNCT	_	45	punct
aarets-historie	24	47	som	som	PRON	PRON	PartType=Inf	48	nsubj
aarets-historie	24	48	sad	sidde	VERB	VERB	Mood=Ind|Tense=Past|VerbForm=Fin|Voice=Act	45	acl:relcl
aarets-historie	24	49	der	der	ADV	ADV	PartType=Inf	48	advmod
aarets-historie	24	50	øverst	øverst	ADV	ADV	Degree=Sup	52	advmod
aarets-historie	24	51	på	på	ADP	ADP	AdpType=Prep	50	case
aarets-historie	24	52	Snedriven	snedriven	NOUN	NOUN	Definite=Def|Gender=Com|Number=Sing	48	obl
aarets-historie	24	53	i	i	ADP	ADP	AdpType=Prep	54	case
aarets-historie	24	54	Vind	Vind	NOUN	NOUN	Definite=Ind|Gender=Neut|Number=Sing	52	nmod
aarets-historie	24	55	og	og	CCONJ	CCONJ	_	56	cc
aarets-historie	24	56	Vejr	vejr	NOUN	NOUN	Definite=Ind|Gender=Neut|Number=Sing	48	conj
aarets-historie	24	57	;	;	PUNCT	PUNCT	_	61	punct
aarets-historie	24	58	han	han	PRON	PRON	Case=Nom|Gender=Com|Number=Sing|Person=3|PronType=Prs	61	nsubj
aarets-historie	24	59	var	være	AUX	AUX	Mood=Ind|Tense=Past|VerbForm=Fin|Voice=Act	61	cop
aarets-historie	24	60	ganske	ganske	ADV	ADV	_	61	advmod
aarets-historie	24	61	hvid	hvid	ADJ	ADJ	Definite=Ind|Degree=Pos|Gender=Com|Number=Sing	48	amod
aarets-historie	24	62	,	,	PUNCT	PUNCT	_	61	punct
aarets-historie	24	63	ligesom	ligesom	SCONJ	SCONJ	_	48	mark
aarets-historie	24	64	en	en	DET	DET	Gender=Com|Number=Sing|PronType=Ind	65	det
aarets-historie	24	65	Bonde	Bonde	PROPN	PROPN	_	63	punct
aarets-historie	24	66	i	i	ADP	ADP	AdpType=Prep	68	case
aarets-historie	24	67	hvid	hvid	ADJ	ADJ	Definite=Ind|Degree=Pos|Gender=Com|Number=Sing	68	amod
aarets-historie	24	68	Vadmels-Kofte	Vadmels-Kofte	NOUN	NOUN	Definite=Ind|Gender=Com|Number=Sing	63	obl
aarets-historie	24	69	,	,	PUNCT	PUNCT	_	63	punct
aarets-historie	24	70	med	med	ADP	ADP	AdpType=Prep	73	case
aarets-historie	24	71	langt	langt	ADV	ADV	Degree=Pos	72	advmod
aarets-historie	24	72	hvidt	hvid	ADJ	ADJ	Definite=Ind|Degree=Pos|Gender=Neut|Number=Sing	73	amod
aarets-historie	24	73	Hår	hår	NOUN	NOUN	Definite=Ind|Gender=Neut|Number=Sing	76	nmod
aarets-historie	24	74	,	,	PUNCT	PUNCT	_	76	punct
aarets-historie	24	75	hvidt	hvid	ADJ	ADJ	Definite=Ind|Degree=Pos|Gender=Neut|Number=Sing	76	amod
aarets-historie	24	76	Skæg	skæg	NOUN	NOUN	Definite=Ind|Gender=Neut|Number=Sing	48	dep
aarets-historie	24	77	,	,	PUNCT	PUNCT	_	76	punct
aarets-historie	24	78	ganske	ganske	ADV	ADV	_	79	advmod
aarets-historie	24	79	bleg	bleg	ADJ	ADJ	Definite=Ind|Degree=Pos|Gender=Com|Number=Sing	76	amod
aarets-historie	24	80	og	og	CCONJ	CCONJ	_	79	cc
aarets-historie	24	81	med	med	ADP	ADP	AdpType=Prep	84	case
aarets-historie	24	82	store	stor	ADJ	ADJ	Degree=Pos|Number=Plur	84	amod
aarets-historie	24	83	klare	klar	ADJ	ADJ	Degree=Pos|Number=Plur	84	amod
aarets-historie	24	84	Øjne	Øje	NOUN	NOUN	Definite=Ind|Gender=Neut|Number=Plur	79	nmod
aarets-historie	24	85	.	.	PUNCT	PUNCT	_	76	punct
aarets-historie	25	0	»	»	NOUN	NOUN	Definite=Ind|Gender=Com|Number=Sing	1	dep
aarets-historie	25	1	Hvem	hvem	PRON	PRON	Gender=Com|PronType=Int,Rel	4	nsubj
aarets-historie	25	2	er	være	AUX	AUX	Mood=Ind|Tense=Pres|VerbForm=Fin|Voice=Act	4	cop
aarets-historie	25	3	den	den	DET	DET	Gender=Com|Number=Sing|PronType=Dem	4	det
aarets-historie	25	4	Gamle	Gamle	ADJ	ADJ	Definite=Def|Degree=Pos|Number=Sing	4	ROOT
aarets-historie	25	5	der	der	ADV	ADV	PartType=Inf	4	punct
aarets-historie	25	6	henne	henne	ADV	ADV	_	4	advmod
aarets-historie	25	7	?	?	PUNCT	PUNCT	_	4	punct
aarets-historie	25	8	«	«	NOUN	NOUN	Definite=Ind|Gender=Com|Number=Sing	10	nsubj
aarets-historie	25	9	"
"	"
"	SPACE	SPACE	_	8	dep
aarets-historie	25	10	spurgte	spørge	VERB	VERB	Mood=Ind|Tense=Past|VerbForm=Fin|Voice=Act	10	ROOT
aarets-historie	25	11	Spurvene	Spurvene	NOUN	NOUN	Definite=Def|Gender=Com|Number=Plur	10	nsubj
aarets-historie	25	12	.	.	PUNCT	PUNCT	_	10	punct
aarets-historie	26	0	»	»	NOUN	NOUN	Definite=Ind|Gender=Com|Number=Sing	2	punct
aarets-historie	26	1	Det	det	PRON	PRON	Case=Acc|Gender=Neut|Number=Sing|Person=3|PronType=Prs	2	obj
aarets-historie	26	2	ved	vide	VERB	VERB	Mood=Ind|Tense=Pres|VerbForm=Fin|Voice=Act	7	ccomp
aarets-historie	26	3	jeg	jeg	PRON	PRON	Case=Nom|Gender=Com|Number=Sing|Person=1|PronType=Prs	2	nsubj
aarets-historie	26	4	!	!	PUNCT	PUNCT	_	2	punct
aarets-historie	26	5	«	«	NOUN	NOUN	Definite=Ind|Gender=Com|Number=Sing	2	obj
aarets-historie	26	6	"
"	"
"	SPACE	SPACE	_	5	dep
aarets-historie	26	7	sagde	sige	VERB	VERB	Mood=Ind|Tense=Past|VerbForm=Fin|Voice=Act	7	ROOT
aarets-historie	26	8	en	en	DET	DET	Gender=Com|Number=Sing|PronType=Ind	10	det
aarets-historie	26	9	gammel	gammel	ADJ	ADJ	Definite=Ind|Degree=Pos|Gender=Com|Number=Sing	10	amod
aarets-historie	26	10	Ravn	Ravn	PROPN	PROPN	_	7	nsubj
aarets-historie	26	11	,	,	PUNCT	PUNCT	_	10	punct
aarets-historie	26	12	der	der	PRON	PRON	PartType=Inf	13	nsubj
aarets-historie	26	13	sad	sidde	VERB	VERB	Mood=Ind|Tense=Past|VerbForm=Fin|Voice=Act	10	acl:relcl
aarets-historie	26	14	på	på	ADP	ADP	AdpType=Prep	15	case
aarets-historie	26	15	Ledpælen	Ledpælen	PROPN	PROPN	_	13	obl
aarets-historie	26	16	,	,	PUNCT	PUNCT	_	19	punct
aarets-historie	26	17	og	og	CCONJ	CCONJ	_	19	cc
aarets-historie	26	18	var	være	AUX	AUX	Mood=Ind|Tense=Past|VerbForm=Fin|Voice=Act	19	aux
aarets-historie	26	19	nedladende	nedladende	ADV	ADV	Degree=Pos	13	conj
aarets-historie	26	20	nok	nok	ADJ	ADJ	Degree=Pos	19	amod
aarets-historie	26	21	til	til	ADP	ADP	AdpType=Prep	23	mark
aarets-historie	26	22	at	at	PART	PART	PartType=Inf	23	mark
aarets-historie	26	23	erkende	erkende	VERB	VERB	VerbForm=Inf|Voice=Act	19	advcl
aarets-historie	26	24	,	,	PUNCT	PUNCT	_	23	punct
aarets-historie	26	25	at	at	SCONJ	SCONJ	_	29	mark
aarets-historie	26	26	vi	vi	PRON	PRON	Case=Nom|Gender=Com|Number=Plur|Person=1|PronType=Prs	29	nsubj
aarets-historie	26	27	alle	al	ADJ	ADJ	Degree=Pos|Number=Plur	26	amod
aarets-historie	26	28	er	være	AUX	AUX	Mood=Ind|Tense=Pres|VerbForm=Fin|Voice=Act	29	cop
aarets-historie	26	29	Småfugle	Småfugle	NOUN	NOUN	Definite=Def|Gender=Com|Number=Sing	23	obj
aarets-historie	26	30	for	for	ADP	ADP	AdpType=Prep	32	case
aarets-historie	26	31	vor	vores	DET	DET	Gender=Com|Number=Sing|Number[psor]=Plur|Person=1|Poss=Yes|PronType=Prs|Style=Form	32	det
aarets-historie	26	32	Herre	herre	NOUN	NOUN	Definite=Ind|Gender=Com|Number=Sing	29	nmod
aarets-historie	26	33	,	,	PUNCT	PUNCT	_	37	punct
aarets-historie	26	34	og	og	CCONJ	CCONJ	_	37	cc
aarets-historie	26	35	derfor	derfor	ADV	ADV	_	37	advmod
aarets-historie	26	36	også	også	ADV	ADV	_	37	advmod
aarets-historie	26	37	indlod	indlade	VERB	VERB	Mood=Ind|Tense=Past|VerbForm=Fin|Voice=Act	13	conj
aarets-historie	26	38	sig	sig	PRON	PRON	Case=Acc|Person=3|PronType=Prs|Reflex=Yes	37	obj
aarets-historie	26	39	med	med	ADP	ADP	AdpType=Prep	40	case
aarets-historie	26	40	Spurvene	Spurvene	NOUN	NOUN	Definite=Def|Gender=Com|Number=Plur	37	obl
aarets-historie	26	41	og	og	CCONJ	CCONJ	_	42	cc
aarets-historie	26	42	gav	give	VERB	VERB	Mood=Ind|Tense=Past|VerbForm=Fin|Voice=Act	37	conj
aarets-historie	26	43	Forklaring	forklaring	NOUN	NOUN	Definite=Ind|Gender=Com|Number=Sing	42	obj
aarets-historie	26	44	.	.	PUNCT	PUNCT	_	7	punct
aarets-historie	27	0	»	»	NOUN	NOUN	Definite=Ind|Gender=Com|Number=Sing	0	ROOT
aarets-historie	27	1	"
"	"
"	SPACE	SPACE	_	0	dep
aarets-historie	27	2	Jeg	jeg	PRON	PRON	Case=Nom|Gender=Com|Number=Sing|Person=1|PronType=Prs	0	nsubj
aarets-historie	27	3	ved	vide	ADP	ADP	AdpType=Prep	7	advmod
aarets-historie	27	4	hvem	hvem	PRON	PRON	Gender=Com|PronType=Int,Rel	7	mark
aarets-historie	27	5	den	den	DET	DET	Gender=Com|Number=Sing|PronType=Dem	6	det
aarets-historie	27	6	Gamle	Gamle	ADJ	ADJ	Definite=Def|Degree=Pos|Number=Sing	7	nsubj
aarets-historie	27	7	er	være	VERB	VERB	Mood=Ind|Tense=Pres|VerbForm=Fin|Voice=Act	0	advcl
aarets-historie	27	8	.	.	PUNCT	PUNCT	_	0	punct
aarets-historie	28	0	Det	det	PRON	PRON	Case=Acc|Gender=Neut|Number=Sing|Person=3|PronType=Prs	2	nsubj
aarets-historie	28	1	er	være	AUX	AUX	Mood=Ind|Tense=Pres|VerbForm=Fin|Voice=Act	2	cop
aarets-historie	28	2	Vinteren	vinter	NOUN	NOUN	Definite=Def|Gender=Com|Number=Sing	2	ROOT
aarets-historie	28	3	,	,	PUNCT	PUNCT	_	2	punct
aarets-historie	28	4	den	den	DET	DET	Gender=Com|Number=Sing|PronType=Dem	6	det
aarets-historie	28	5	gamle	gammel	ADJ	ADJ	Definite=Def|Degree=Pos|Number=Sing	6	amod
aarets-historie	28	6	Mand	Mand	NOUN	NOUN	Definite=Ind|Gender=Com|Number=Sing	2	appos
aarets-historie	28	7	fra	fra	ADP	ADP	AdpType=Prep	10	case
aarets-historie	28	8	det	den	DET	DET	Gender=Neut|Number=Sing|PronType=Dem	10	det
aarets-historie	28	9	forrige	forrige	ADJ	ADJ	Degree=Pos	10	amod
aarets-historie	28	10	År	År	NOUN	NOUN	Definite=Ind|Gender=Neut|Number=Sing	6	nmod
aarets-historie	28	11	,	,	PUNCT	PUNCT	_	15	punct
aarets-historie	28	12	han	han	PRON	PRON	Case=Nom|Gender=Com|Number=Sing|Person=3|PronType=Prs	15	nsubj
aarets-historie	28	13	er	være	AUX	AUX	Mood=Ind|Tense=Pres|VerbForm=Fin|Voice=Act	15	cop
aarets-historie	28	14	ikke	ikke	ADV	ADV	_	15	advmod
aarets-historie	28	15	død	død	ADJ	ADJ	Definite=Ind|Degree=Pos|Gender=Com|Number=Sing	2	conj
aarets-historie	28	16	,	,	PUNCT	PUNCT	_	15	punct
aarets-historie	28	17	som	som	PRON	PRON	PartType=Inf	19	obj
aarets-historie	28	18	Almanaken	almanake	NOUN	NOUN	Definite=Def|Gender=Com|Number=Sing	19	nsubj
aarets-historie	28	19	siger	sige	VERB	VERB	Mood=Ind|Tense=Pres|VerbForm=Fin|Voice=Act	15	acl:relcl
aarets-historie	28	20	,	,	PUNCT	PUNCT	_	19	punct
aarets-historie	28	21	nej	nej	INTJ	INTJ	_	2	punct
aarets-historie	28	22	han	han	PRON	PRON	Case=Nom|Gender=Com|Number=Sing|Person=3|PronType=Prs	24	nsubj
aarets-historie	28	23	er	være	AUX	AUX	Mood=Ind|Tense=Pres|VerbForm=Fin|Voice=Act	24	aux
aarets-historie	28	24	såmæn	såmæn	NOUN	NOUN	Definite=Ind|Gender=Neut|Number=Plur	21	acl:relcl
aarets-historie	28	25	Formynder	formynder	NOUN	NOUN	Definite=Ind|Gender=Com|Number=Plur	2	nmod:poss
aarets-historie	28	26	for	for	ADP	ADP	AdpType=Prep	30	case
aarets-historie	28	27	den	den	DET	DET	Gender=Com|Number=Sing|PronType=Dem	29	det
aarets-historie	28	28	lille	lille	ADJ	ADJ	Degree=Pos|Number=Sing	29	amod
aarets-historie	28	29	Prinds	Prind	NOUN	NOUN	Case=Gen|Definite=Ind|Gender=Com|Number=Sing	30	nmod:poss
aarets-historie	28	30	Forår	forår	NOUN	NOUN	Definite=Ind|Gender=Neut|Number=Sing	25	nmod
aarets-historie	28	31	,	,	PUNCT	PUNCT	_	30	punct
aarets-historie	28	32	der	der	PRON	PRON	PartType=Inf	33	nsubj
aarets-historie	28	33	kommer	komme	VERB	VERB	Mood=Ind|Tense=Pres|VerbForm=Fin|Voice=Act	30	acl:relcl
aarets-historie	28	34	.	.	PUNCT	PUNCT	_	2	punct
aarets-historie	29	0	Jo	jo	INTJ	INTJ	_	0	ROOT
aarets-historie	29	1	,	,	PUNCT	PUNCT	_	3	punct
aarets-historie	29	2	Vinteren	vinter	NOUN	NOUN	Definite=Def|Gender=Com|Number=Sing	3	nsubj
aarets-historie	29	3	fører	føre	VERB	VERB	Mood=Ind|Tense=Pres|VerbForm=Fin|Voice=Act	0	conj
aarets-historie	29	4	Regimentet	Regimentet	NOUN	NOUN	Definite=Def|Gender=Neut|Number=Sing	3	obj
aarets-historie	29	5	.	.	PUNCT	PUNCT	_	0	punct
aarets-historie	30	0	Hu	Hu	PROPN	PROPN	_	0	ROOT
aarets-historie	30	1	!	!	PUNCT	PUNCT	_	0	punct
aarets-historie	31	0	det	det	PRON	PRON	Case=Acc|Gender=Neut|Number=Sing|Person=3|PronType=Prs	1	nsubj
aarets-historie	31	1	knager	knag	NOUN	NOUN	Definite=Ind|Gender=Com|Number=Plur	1	ROOT
aarets-historie	31	2	nok	nok	ADV	ADV	_	1	advmod
aarets-historie	31	3	i	i	ADP	ADP	AdpType=Prep	4	case
aarets-historie	31	4	Jer	Jer	PRON	PRON	Case=Acc|Gender=Com|Person=2|Polite=Form|PronType=Prs	1	obl
aarets-historie	31	5	,	,	PUNCT	PUNCT	_	1	punct
aarets-historie	31	6	I	i	ADP	ADP	AdpType=Prep	7	case
aarets-historie	31	7	Små	Små	ADJ	ADJ	Degree=Pos|Number=Plur	1	nmod
aarets-historie	31	8	!	!	PUNCT	PUNCT	_	1	punct
aarets-historie	31	9	«	«	NOUN	NOUN	Definite=Ind|Gender=Com|Number=Sing	9	ROOT
aarets-historie	31	10	"
"	"
"	SPACE	SPACE	_	9	dep
aarets-historie	31	11	»	»	NOUN	NOUN	Definite=Ind|Gender=Com|Number=Sing	9	punct
aarets-historie	31	12	Ja	ja	INTJ	INTJ	_	12	ROOT
aarets-historie	31	13	,	,	PUNCT	PUNCT	_	17	punct
aarets-historie	31	14	er	være	AUX	AUX	Mood=Ind|Tense=Pres|VerbForm=Fin|Voice=Act	17	cop
aarets-historie	31	15	det	det	PRON	PRON	Case=Acc|Gender=Neut|Number=Sing|Person=3|PronType=Prs	17	nsubj
aarets-historie	31	16	ikke	ikke	ADV	ADV	_	17	advmod
aarets-historie	31	17	det	det	PRON	PRON	Case=Acc|Gender=Neut|Number=Sing|Person=3|PronType=Prs	12	conj
aarets-historie	31	18	jeg	jeg	PRON	PRON	Case=Nom|Gender=Com|Number=Sing|Person=1|PronType=Prs	19	nsubj
aarets-historie	31	19	siger	sige	VERB	VERB	Mood=Ind|Tense=Pres|VerbForm=Fin|Voice=Act	17	acl:relcl
aarets-historie	31	20	!	!	PUNCT	PUNCT	_	12	punct
aarets-historie	31	21	«	«	NOUN	NOUN	Definite=Ind|Gender=Com|Number=Sing	12	list
aarets-historie	31	22	"
"	"
"	SPACE	SPACE	_	21	dep
aarets-historie	31	23	sagde	sige	VERB	VERB	Mood=Ind|Tense=Past|VerbForm=Fin|Voice=Act	12	conj
aarets-historie	31	24	den	den	DET	DET	Gender=Com|Number=Sing|PronType=Dem	25	det
aarets-historie	31	25	Mindste	Mindste	ADJ	ADJ	Definite=Def|Degree=Sup	23	nsubj
aarets-historie	31	26	,	,	PUNCT	PUNCT	_	23	punct
aarets-historie	31	27	»	»	NOUN	NOUN	Definite=Ind|Gender=Com|Number=Sing	32	punct
aarets-historie	31	28	den	den	DET	DET	Gender=Com|Number=Sing|PronType=Dem	29	det
aarets-historie	31	29	Almanak	Almanak	NOUN	NOUN	Definite=Ind|Gender=Com|Number=Sing	32	nsubj
aarets-historie	31	30	er	være	AUX	AUX	Mood=Ind|Tense=Pres|VerbForm=Fin|Voice=Act	32	cop
aarets-historie	31	31	bare	bare	ADV	ADV	_	32	advmod
aarets-historie	31	32	Menneske-Påfund	Menneske-Påfund	PROPN	PROPN	_	23	obj
aarets-historie	31	33	,	,	PUNCT	PUNCT	_	37	punct
aarets-historie	31	34	den	den	PRON	PRON	Case=Acc|Gender=Com|Number=Sing|Person=3|PronType=Prs	37	nsubj
aarets-historie	31	35	er	være	AUX	AUX	Mood=Ind|Tense=Pres|VerbForm=Fin|Voice=Act	37	aux
aarets-historie	31	36	ikke	ikke	ADV	ADV	_	37	advmod
aarets-historie	31	37	lempet	lempe	VERB	VERB	Definite=Ind|Number=Sing|Tense=Past|VerbForm=Part	23	conj
aarets-historie	31	38	efter	efter	ADP	ADP	AdpType=Prep	39	case
aarets-historie	31	39	Naturen	Naturen	NOUN	NOUN	Definite=Def|Gender=Com|Number=Sing	37	obl
aarets-historie	31	40	!	!	PUNCT	PUNCT	_	23	punct
aarets-historie	32	0	det	den	DET	DET	Gender=Neut|Number=Sing|PronType=Dem	1	dep
aarets-historie	32	1	skulde	skulde	NOUN	NOUN	Definite=Ind|Gender=Neut|Number=Sing	1	ROOT
aarets-historie	32	2	de	de	PRON	PRON	Case=Nom|Number=Plur|Person=3|PronType=Prs	3	nsubj
aarets-historie	32	3	lade	lade	VERB	VERB	VerbForm=Inf|Voice=Act	7	acl:relcl
aarets-historie	32	4	os	vi	PRON	PRON	Case=Acc|Gender=Com|Number=Plur|Person=1|PronType=Prs	3	obj
aarets-historie	32	5	om	om	ADP	ADP	AdpType=Prep	3	mark
aarets-historie	32	6	,	,	PUNCT	PUNCT	_	1	punct
aarets-historie	32	7	vi	vi	PRON	PRON	Case=Nom|Gender=Com|Number=Plur|Person=1|PronType=Prs	12	nsubj
aarets-historie	32	8	,	,	PUNCT	PUNCT	_	7	punct
aarets-historie	32	9	som	som	PRON	PRON	PartType=Inf	11	nsubj
aarets-historie	32	10	er	være	AUX	AUX	Mood=Ind|Tense=Pres|VerbForm=Fin|Voice=Act	11	cop
aarets-historie	32	11	finere	fin	ADJ	ADJ	Degree=Cmp	7	acl:relcl
aarets-historie	32	12	skabte	skabe	VERB	VERB	Mood=Ind|Tense=Past|VerbForm=Fin|Voice=Act	1	acl:relcl
aarets-historie	32	13	!	!	PUNCT	PUNCT	_	1	punct
aarets-historie	32	14	«	«	NOUN	NOUN	Definite=Ind|Gender=Com|Number=Sing	14	ROOT
aarets-historie	32	15	"
"	"
"	SPACE	SPACE	_	14	dep
aarets-historie	32	16	Og	og	CCONJ	CCONJ	_	18	cc
aarets-historie	32	17	der	der	ADV	ADV	PartType=Inf	18	expl
aarets-historie	32	18	gik	gå	VERB	VERB	Mood=Ind|Tense=Past|VerbForm=Fin|Voice=Act	18	ROOT
aarets-historie	32	19	en	en	DET	DET	Gender=Com|Number=Sing|PronType=Ind	20	det
aarets-historie	32	20	Uge	Uge	NOUN	NOUN	Definite=Ind|Gender=Com|Number=Sing	18	obj
aarets-historie	32	21	,	,	PUNCT	PUNCT	_	20	punct
aarets-historie	32	22	der	der	PRON	PRON	PartType=Inf	23	nsubj
aarets-historie	32	23	gik	gå	VERB	VERB	Mood=Ind|Tense=Past|VerbForm=Fin|Voice=Act	20	acl:relcl
aarets-historie	32	24	næsten	næsten	ADV	ADV	_	23	advmod
aarets-historie	32	25	to	to	NUM	NUM	NumType=Card	23	nummod
aarets-historie	32	26	;	;	PUNCT	PUNCT	_	29	punct
aarets-historie	32	27	Skoven	skov	NOUN	NOUN	Definite=Def|Gender=Com|Number=Sing	29	nsubj
aarets-historie	32	28	var	være	AUX	AUX	Mood=Ind|Tense=Past|VerbForm=Fin|Voice=Act	29	cop
aarets-historie	32	29	sort	sort	ADJ	ADJ	Definite=Ind|Degree=Pos|Number=Sing	23	amod
aarets-historie	32	30	,	,	PUNCT	PUNCT	_	29	punct
aarets-historie	32	31	den	den	DET	DET	Gender=Com|Number=Sing|PronType=Dem	36	det
aarets-historie	32	32	frosne	frosne	ADJ	ADJ	Definite=Def|Degree=Pos|Number=Sing	36	amod
aarets-historie	32	33	Indsø	Indsø	PROPN	PROPN	Case=Gen	36	obl
aarets-historie	32	34	låe	låe	NOUN	NOUN	Definite=Ind|Gender=Com|Number=Sing	33	nmod
aarets-historie	32	35	så	så	ADV	ADV	_	36	advmod
aarets-historie	32	36	tung	tung	ADJ	ADJ	Definite=Ind|Degree=Pos|Gender=Com|Number=Sing	29	amod
aarets-historie	32	37	og	og	CCONJ	CCONJ	_	38	cc
aarets-historie	32	38	såe	såe	ADV	ADV	Degree=Pos	36	conj
aarets-historie	32	39	ud	ud	ADV	ADV	_	36	advmod
aarets-historie	32	40	som	som	ADP	ADP	PartType=Inf	41	case
aarets-historie	32	41	størknet	størkn	VERB	VERB	Definite=Ind|Number=Sing|Tense=Past|VerbForm=Part	36	amod
aarets-historie	32	42	Bly	Bly	PROPN	PROPN	_	42	ROOT
aarets-historie	32	43	;	;	PUNCT	PUNCT	_	44	punct
aarets-historie	32	44	Skyerne	Skyerne	NOUN	NOUN	Definite=Def|Gender=Com|Number=Plur	42	conj
aarets-historie	32	45	,	,	PUNCT	PUNCT	_	44	punct
aarets-historie	32	46	ja	ja	INTJ	INTJ	_	50	dep
aarets-historie	32	47	det	det	PRON	PRON	Case=Acc|Gender=Neut|Number=Sing|Person=3|PronType=Prs	50	nsubj
aarets-historie	32	48	var	være	AUX	AUX	Mood=Ind|Tense=Past|VerbForm=Fin|Voice=Act	50	cop
aarets-historie	32	49	ikke	ikke	ADV	ADV	_	50	advmod
aarets-historie	32	50	Skyer	skyer	NOUN	NOUN	Definite=Ind|Gender=Com|Number=Plur	42	acl:relcl
aarets-historie	32	51	,	,	PUNCT	PUNCT	_	50	punct
aarets-historie	32	52	det	det	PRON	PRON	Case=Acc|Gender=Neut|Number=Sing|Person=3|PronType=Prs	54	nsubj
aarets-historie	32	53	var	være	AUX	AUX	Mood=Ind|Tense=Past|VerbForm=Fin|Voice=Act	54	cop
aarets-historie	32	54	våde	våd	ADJ	ADJ	Degree=Pos|Number=Plur	57	amod
aarets-historie	32	55	,	,	PUNCT	PUNCT	_	57	punct
aarets-historie	32	56	iskolde	iskold	ADJ	ADJ	Definite=Def|Degree=Pos|Number=Sing	57	amod
aarets-historie	32	57	Tåger	Tåger	NOUN	NOUN	Definite=Ind|Gender=Com|Number=Sing	57	ROOT
aarets-historie	32	58	,	,	PUNCT	PUNCT	_	57	punct
aarets-historie	32	59	der	der	PRON	PRON	PartType=Inf	60	nsubj
aarets-historie	32	60	hang	hang	VERB	VERB	Mood=Ind|Tense=Past|VerbForm=Fin|Voice=Act	57	acl:relcl
aarets-historie	32	61	hen	hen	ADV	ADV	_	60	advmod:lmod
aarets-historie	32	62	over	over	ADP	ADP	AdpType=Prep	63	case
aarets-historie	32	63	Landet	land	NOUN	NOUN	Definite=Def|Gender=Neut|Number=Sing	61	obl
aarets-historie	32	64	;	;	PUNCT	PUNCT	_	69	punct
aarets-historie	32	65	de	den	DET	DET	Number=Plur|PronType=Dem	68	det
aarets-historie	32	66	store	stor	ADJ	ADJ	Degree=Pos|Number=Plur	68	amod
aarets-historie	32	67	sorte	sort	ADJ	ADJ	Degree=Pos|Number=Plur	68	amod
aarets-historie	32	68	Krager	Krager	NOUN	NOUN	Definite=Ind|Gender=Com|Number=Plur	69	nsubj
aarets-historie	32	69	fløj	flyve	VERB	VERB	Mood=Ind|Tense=Past|VerbForm=Fin|Voice=Act	60	conj
aarets-historie	32	70	i	i	ADP	ADP	AdpType=Prep	71	case
aarets-historie	32	71	Flokke	flokke	NOUN	NOUN	Definite=Ind|Gender=Neut|Number=Plur	69	obl
aarets-historie	32	72	,	,	PUNCT	PUNCT	_	69	punct
aarets-historie	32	73	uden	uden	ADP	ADP	AdpType=Prep	74	case
aarets-historie	32	74	Skrig	skrig	NOUN	NOUN	Definite=Ind|Gender=Neut|Number=Sing	69	obl
aarets-historie	32	75	,	,	PUNCT	PUNCT	_	74	punct
aarets-historie	32	76	det	det	PRON	PRON	Case=Acc|Gender=Neut|Number=Sing|Person=3|PronType=Prs	77	nsubj
aarets-historie	32	77	var	være	VERB	VERB	Mood=Ind|Tense=Past|VerbForm=Fin|Voice=Act	74	cop
aarets-historie	32	78	som	som	ADV	ADV	_	81	mark
aarets-historie	32	79	om	om	ADP	ADP	AdpType=Prep	78	fixed
aarets-historie	32	80	Alt	al	ADJ	ADJ	Degree=Pos|Gender=Neut|Number=Sing	81	nsubj
aarets-historie	32	81	sov	sove	VERB	VERB	Mood=Ind|Tense=Past|VerbForm=Fin|Voice=Act	77	advcl
aarets-historie	32	82	.	.	PUNCT	PUNCT	_	57	punct
aarets-historie	33	0	–	–	PUNCT	PUNCT	_	0	ROOT
aarets-historie	33	1	"
"	"
"	SPACE	SPACE	_	0	dep
aarets-historie	33	2	Der	der	PRON	PRON	PartType=Inf	3	expl
aarets-historie	33	3	gled	gled	VERB	VERB	Mood=Ind|Tense=Past|VerbForm=Fin|Voice=Act	0	dep
aarets-historie	33	4	en	en	DET	DET	Gender=Com|Number=Sing|PronType=Ind	5	det
aarets-historie	33	5	Solstråle	Solstråle	NOUN	NOUN	Definite=Ind|Gender=Com|Number=Sing	3	obj
aarets-historie	33	6	hen	hen	ADV	ADV	_	3	advmod:lmod
aarets-historie	33	7	over	over	ADP	ADP	AdpType=Prep	8	case
aarets-historie	33	8	Søen	søe	NOUN	NOUN	Definite=Def|Gender=Com|Number=Sing	6	obl
aarets-historie	33	9	,	,	PUNCT	PUNCT	_	12	punct
aarets-historie	33	10	og	og	CCONJ	CCONJ	_	12	cc
aarets-historie	33	11	den	den	DET	DET	Gender=Com|Number=Sing|PronType=Dem	12	det
aarets-historie	33	12	skinnede	skinne	VERB	VERB	Mood=Ind|Tense=Past|VerbForm=Fin|Voice=Act	3	conj
aarets-historie	33	13	som	som	ADP	ADP	PartType=Inf	14	case
aarets-historie	33	14	smeltet	smelte	VERB	VERB	Definite=Ind|Number=Sing|Tense=Past|VerbForm=Part	12	amod
aarets-historie	33	15	Tin	Tin	PROPN	PROPN	_	12	obj
aarets-historie	33	16	.	.	PUNCT	PUNCT	_	3	punct
aarets-historie	34	0	Snelaget	snelaget	NOUN	NOUN	Definite=Def|Gender=Neut|Number=Sing	1	advmod
aarets-historie	34	1	henover	henover	ADP	ADP	AdpType=Prep	1	ROOT
aarets-historie	34	2	Marken	Marken	NOUN	NOUN	Definite=Def|Gender=Com|Number=Sing	7	nsubj
aarets-historie	34	3	og	og	CCONJ	CCONJ	_	4	cc
aarets-historie	34	4	oppe	oppe	ADV	ADV	_	2	conj
aarets-historie	34	5	på	på	ADP	ADP	AdpType=Prep	6	case
aarets-historie	34	6	Banken	bank	NOUN	NOUN	Definite=Def|Gender=Com|Number=Sing	4	obl
aarets-historie	34	7	glimrede	glimre	VERB	VERB	Mood=Ind|Tense=Past|VerbForm=Fin|Voice=Act	7	ROOT
aarets-historie	34	8	ikke	ikke	ADV	ADV	_	7	advmod
aarets-historie	34	9	som	som	ADP	ADP	PartType=Inf	10	case
aarets-historie	34	10	før	før	ADV	ADV	_	7	advmod
aarets-historie	34	11	,	,	PUNCT	PUNCT	_	7	punct
aarets-historie	34	12	men	men	CCONJ	CCONJ	_	11	dep
aarets-historie	34	13	den	den	DET	DET	Gender=Com|Number=Sing|PronType=Dem	15	det
aarets-historie	34	14	hvide	hvid	ADJ	ADJ	Definite=Def|Degree=Pos|Number=Sing	15	amod
aarets-historie	34	15	Skikkelse	skikkelse	NOUN	NOUN	Definite=Ind|Gender=Com|Number=Sing	12	punct
aarets-historie	34	16	,	,	PUNCT	PUNCT	_	15	punct
aarets-historie	34	17	Vinteren	Vinteren	NOUN	NOUN	Definite=Def|Gender=Com|Number=Sing	7	punct
aarets-historie	34	18	selv	selv	PRON	PRON	PronType=Dem	17	nmod
aarets-historie	34	19	,	,	PUNCT	PUNCT	_	17	punct
aarets-historie	34	20	sad	sidde	VERB	VERB	Mood=Ind|Tense=Past|VerbForm=Fin|Voice=Act	7	conj
aarets-historie	34	21	der	der	ADV	ADV	PartType=Inf	20	expl
aarets-historie	34	22	endnu	endnu	ADV	ADV	_	20	advmod
aarets-historie	34	23	med	med	ADP	ADP	AdpType=Prep	24	case
aarets-historie	34	24	Blikket	Blikket	NOUN	NOUN	Definite=Def|Gender=Neut|Number=Sing	20	obl
aarets-historie	34	25	stadigt	stadigt	ADV	ADV	Degree=Pos	20	advmod
aarets-historie	34	26	mod	mod	ADP	ADP	AdpType=Prep	27	case
aarets-historie	34	27	Syden	Syden	PROPN	PROPN	_	20	obl
aarets-historie	34	28	;	;	PUNCT	PUNCT	_	30	punct
aarets-historie	34	29	han	han	PRON	PRON	Case=Nom|Gender=Com|Number=Sing|Person=3|PronType=Prs	30	nsubj
aarets-historie	34	30	mærkede	mærke	VERB	VERB	Mood=Ind|Tense=Past|VerbForm=Fin|Voice=Act	20	conj
aarets-historie	34	31	slet	slet	ADV	ADV	_	32	advmod
aarets-historie	34	32	ikke	ikke	ADV	ADV	_	30	advmod
aarets-historie	34	33	,	,	PUNCT	PUNCT	_	30	punct
aarets-historie	34	34	at	at	SCONJ	SCONJ	_	37	mark
aarets-historie	34	35	Snetæppet	snetæpp	NOUN	NOUN	Definite=Def|Gender=Neut|Number=Sing	37	nsubj
aarets-historie	34	36	ligesom	ligesom	SCONJ	SCONJ	_	37	mark
aarets-historie	34	37	sank	sank	VERB	VERB	Mood=Ind|Tense=Past|VerbForm=Fin|Voice=Act	30	obj
aarets-historie	34	38	ind	ind	ADV	ADV	_	37	advmod:lmod
aarets-historie	34	39	i	i	ADP	ADP	AdpType=Prep	40	case
aarets-historie	34	40	Jorden	Jorden	NOUN	NOUN	_	38	obl
aarets-historie	34	41	,	,	PUNCT	PUNCT	_	37	punct
aarets-historie	34	42	at	at	SCONJ	SCONJ	_	50	mark
aarets-historie	34	43	hist	hist	NOUN	NOUN	Definite=Ind|Gender=Com|Number=Plur	50	nsubj
aarets-historie	34	44	og	og	CCONJ	CCONJ	_	49	cc
aarets-historie	34	45	her	her	ADV	ADV	_	49	advmod
aarets-historie	34	46	en	en	DET	DET	Gender=Com|Number=Sing|PronType=Ind	49	det
aarets-historie	34	47	lille	lille	ADJ	ADJ	Degree=Pos|Number=Sing	49	amod
aarets-historie	34	48	græsgrøn	græsgrøn	ADJ	ADJ	Definite=Ind|Degree=Pos|Gender=Com|Number=Sing	49	amod
aarets-historie	34	49	Plet	Plet	NOUN	NOUN	Definite=Ind|Gender=Com|Number=Sing	43	conj
aarets-historie	34	50	kom	komme	VERB	VERB	Mood=Ind|Tense=Past|VerbForm=Fin|Voice=Act	37	obj
aarets-historie	34	51	frem	frem	ADV	ADV	_	50	advmod:lmod
aarets-historie	34	52	,	,	PUNCT	PUNCT	_	55	punct
aarets-historie	34	53	og	og	CCONJ	CCONJ	_	55	cc
aarets-historie	34	54	der	der	ADV	ADV	PartType=Inf	55	expl
aarets-historie	34	55	mylrede	mylre	VERB	VERB	Mood=Ind|Tense=Past|VerbForm=Fin|Voice=Act	37	conj
aarets-historie	34	56	det	det	PRON	PRON	Case=Acc|Gender=Neut|Number=Sing|Person=3|PronType=Prs	55	obj
aarets-historie	34	57	da	da	ADV	ADV	_	55	advmod
aarets-historie	34	58	med	med	ADP	ADP	AdpType=Prep	59	case
aarets-historie	34	59	Spurve	spurve	NOUN	NOUN	Definite=Ind|Gender=Com|Number=Sing	55	obl
aarets-historie	34	60	.	.	PUNCT	PUNCT	_	7	punct
aarets-historie	35	0	»	»	NOUN	NOUN	Definite=Ind|Gender=Com|Number=Sing	0	ROOT
aarets-historie	35	1	Quivit	Quivit	NOUN	NOUN	Definite=Ind|Gender=Com|Number=Plur	0	flat
aarets-historie	35	2	!	!	PUNCT	PUNCT	_	1	punct
aarets-historie	36	0	Quivit	Quivit	NOUN	NOUN	Definite=Ind|Gender=Com|Number=Plur	0	ROOT
aarets-historie	36	1	!	!	PUNCT	PUNCT	_	0	punct
aarets-historie	37	0	kommer	komme	VERB	VERB	Mood=Ind|Tense=Pres|VerbForm=Fin|Voice=Act	0	ROOT
aarets-historie	37	1	nu	nu	ADV	ADV	_	0	advmod
aarets-historie	37	2	Våren	Våren	NOUN	NOUN	Definite=Def|Gender=Com|Number=Sing	0	nsubj
aarets-historie	37	3	?	?	PUNCT	PUNCT	_	0	punct
aarets-historie	37	4	«	«	NOUN	NOUN	Definite=Ind|Gender=Com|Number=Sing	4	ROOT
aarets-historie	37	5	"
"	"
"	SPACE	SPACE	_	4	dep
aarets-historie	37	6	»	»	NOUN	NOUN	Definite=Ind|Gender=Com|Number=Sing	4	punct
aarets-historie	37	7	Våren	Våren	NOUN	NOUN	Definite=Def|Gender=Com|Number=Sing	7	ROOT
aarets-historie	37	8	!	!	PUNCT	PUNCT	_	7	punct
aarets-historie	37	9	«	«	NOUN	NOUN	Definite=Ind|Gender=Com|Number=Sing	7	list
aarets-historie	37	10	"
"	"
"	SPACE	SPACE	_	9	dep
aarets-historie	37	11	klang	klang	NOUN	NOUN	Definite=Ind|Gender=Com|Number=Sing	7	punct
aarets-historie	37	12	det	det	PRON	PRON	Case=Acc|Gender=Neut|Number=Sing|Person=3|PronType=Prs	13	nsubj
aarets-historie	37	13	hen	hen	ADV	ADV	_	13	ROOT
aarets-historie	37	14	over	over	ADP	ADP	AdpType=Prep	15	case
aarets-historie	37	15	Mark	Mark	PROPN	PROPN	_	13	obl
aarets-historie	37	16	og	og	CCONJ	CCONJ	_	17	cc
aarets-historie	37	17	Eng	Eng	PROPN	PROPN	_	15	conj
aarets-historie	37	18	og	og	CCONJ	CCONJ	_	13	punct
aarets-historie	37	19	igennem	igennem	ADP	ADP	AdpType=Prep	22	case
aarets-historie	37	20	de	den	DET	DET	Number=Plur|PronType=Dem	22	det
aarets-historie	37	21	sortbrune	sortbrun	ADJ	ADJ	Degree=Pos|Number=Plur	22	amod
aarets-historie	37	22	Skove	skove	NOUN	NOUN	Definite=Ind|Gender=Com|Number=Plur	13	nmod
aarets-historie	37	23	,	,	PUNCT	PUNCT	_	22	punct
aarets-historie	37	24	hvor	hvor	ADV	ADV	_	28	advmod
aarets-historie	37	25	Mosset	Mosset	NOUN	NOUN	Definite=Def|Gender=Neut|Number=Sing	26	nsubj
aarets-historie	37	26	skinnede	skinne	VERB	VERB	Mood=Ind|Tense=Past|VerbForm=Fin|Voice=Act	28	advmod
aarets-historie	37	27	friskt	friskt	ADV	ADV	Degree=Pos	28	advmod
aarets-historie	37	28	grønt	grøn	ADJ	ADJ	Definite=Ind|Degree=Pos|Gender=Neut|Number=Sing	22	acl:relcl
aarets-historie	37	29	på	på	ADP	ADP	AdpType=Prep	30	case
aarets-historie	37	30	Træstammerne	Træstamm	NOUN	NOUN	Definite=Def|Gender=Com|Number=Plur	28	obl
aarets-historie	37	31	;	;	PUNCT	PUNCT	_	35	punct
aarets-historie	37	32	og	og	CCONJ	CCONJ	_	35	cc
aarets-historie	37	33	gennem	gennem	ADP	ADP	AdpType=Prep	34	case
aarets-historie	37	34	Luften	Luft	NOUN	NOUN	Definite=Def|Gender=Com|Number=Sing	35	obl
aarets-historie	37	35	kom	komme	VERB	VERB	Mood=Ind|Tense=Past|VerbForm=Fin|Voice=Act	28	conj
aarets-historie	37	36	flyvende	flyve	VERB	VERB	Tense=Pres|VerbForm=Part	35	xcomp
aarets-historie	37	37	,	,	PUNCT	PUNCT	_	35	punct
aarets-historie	37	38	syd	syd	ADV	ADV	_	35	advmod
aarets-historie	37	39	fra	fra	ADP	ADP	AdpType=Prep	38	compound:prt
aarets-historie	37	40	,	,	PUNCT	PUNCT	_	38	punct
aarets-historie	37	41	de	den	DET	DET	Number=Plur|PronType=Dem	44	det
aarets-historie	37	42	to	to	NUM	NUM	NumType=Card	44	nummod
aarets-historie	37	43	første	første	ADJ	ADJ	Degree=Pos	44	amod
aarets-historie	37	44	Storke	storke	NOUN	NOUN	Definite=Ind|Gender=Com|Number=Sing	35	nsubj
aarets-historie	37	45	;	;	PUNCT	PUNCT	_	44	punct
aarets-historie	37	46	på	på	ADP	ADP	AdpType=Prep	47	case
aarets-historie	37	47	Ryggen	Ryggen	NOUN	NOUN	Definite=Def|Gender=Com|Number=Sing	50	obl
aarets-historie	37	48	af	af	ADP	ADP	AdpType=Prep	49	case
aarets-historie	37	49	hver	hver	PRON	PRON	Gender=Com|Number=Sing|PronType=Ind	47	nmod
aarets-historie	37	50	sad	sidde	VERB	VERB	Mood=Ind|Tense=Past|VerbForm=Fin|Voice=Act	35	conj
aarets-historie	37	51	der	der	ADV	ADV	PartType=Inf	50	expl
aarets-historie	37	52	et	en	DET	DET	Gender=Neut|Number=Sing|PronType=Ind	55	det
aarets-historie	37	53	lille	lille	ADJ	ADJ	Degree=Pos|Number=Sing	55	amod
aarets-historie	37	54	dejligt	dejlig	ADJ	ADJ	Definite=Ind|Degree=Pos|Gender=Neut|Number=Sing	55	amod
aarets-historie	37	55	Barn	Barn	NOUN	NOUN	Definite=Ind|Gender=Neut|Number=Sing	50	obj
aarets-historie	37	56	,	,	PUNCT	PUNCT	_	50	punct
aarets-historie	37	57	en	en	DET	DET	Gender=Com|Number=Sing|PronType=Ind	58	det
aarets-historie	37	58	Dreng	Dreng	NOUN	NOUN	Definite=Ind|Gender=Com|Number=Sing	50	obj
aarets-historie	37	59	og	og	CCONJ	CCONJ	_	61	cc
aarets-historie	37	60	en	en	DET	DET	Gender=Com|Number=Sing|PronType=Ind	61	det
aarets-historie	37	61	Pige	Pige	NOUN	NOUN	Definite=Ind|Gender=Com|Number=Sing	58	conj
aarets-historie	37	62	;	;	PUNCT	PUNCT	_	65	punct
aarets-historie	37	63	og	og	CCONJ	CCONJ	_	65	cc
aarets-historie	37	64	de	de	PRON	PRON	Case=Nom|Number=Plur|Person=3|PronType=Prs	65	nsubj
aarets-historie	37	65	kyssede	kysse	VERB	VERB	Mood=Ind|Tense=Past|VerbForm=Fin|Voice=Act	50	conj
aarets-historie	37	66	Jorden	Jorden	NOUN	NOUN	_	65	obj
aarets-historie	37	67	til	til	ADP	ADP	AdpType=Prep	68	case
aarets-historie	37	68	Hilsen	hilsen	NOUN	NOUN	Definite=Ind|Gender=Com|Number=Sing	65	obl
aarets-historie	37	69	,	,	PUNCT	PUNCT	_	73	punct
aarets-historie	37	70	og	og	CCONJ	CCONJ	_	73	cc
aarets-historie	37	71	hvor	hvor	ADV	ADV	_	73	advmod
aarets-historie	37	72	de	de	PRON	PRON	Case=Nom|Number=Plur|Person=3|PronType=Prs	73	nsubj
aarets-historie	37	73	satte	sætte	VERB	VERB	Mood=Ind|Tense=Past|VerbForm=Fin|Voice=Act	65	conj
aarets-historie	37	74	deres	deres	DET	DET	Number[psor]=Plur|Person=3|Poss=Yes|PronType=Prs	75	det
aarets-historie	37	75	Fødder	fødder	NOUN	NOUN	Definite=Ind|Gender=Neut|Number=Plur	73	obj
aarets-historie	37	76	,	,	PUNCT	PUNCT	_	73	punct
aarets-historie	37	77	vokste	vokse	VERB	VERB	Mood=Ind|Tense=Past|VerbForm=Fin|Voice=Act	79	amod
aarets-historie	37	78	hvide	hvid	ADJ	ADJ	Degree=Pos|Number=Plur	79	amod
aarets-historie	37	79	Blomster	blomst	NOUN	NOUN	Definite=Ind|Gender=Com|Number=Plur	73	obj
aarets-historie	37	80	frem	frem	ADV	ADV	_	79	advmod
aarets-historie	37	81	under	under	ADP	ADP	AdpType=Prep	82	case
aarets-historie	37	82	snen	sn	NOUN	NOUN	Definite=Def|Gender=Com|Number=Sing	80	obl
aarets-historie	37	83	;	;	PUNCT	PUNCT	_	87	punct
aarets-historie	37	84	Hånd	hånd	NOUN	NOUN	Definite=Ind|Gender=Com|Number=Sing	87	obl
aarets-historie	37	85	i	i	ADP	ADP	AdpType=Prep	86	case
aarets-historie	37	86	Hånd	hånd	NOUN	NOUN	Definite=Ind|Gender=Com|Number=Sing	84	nmod
aarets-historie	37	87	gik	gå	VERB	VERB	Mood=Ind|Tense=Past|VerbForm=Fin|Voice=Act	65	conj
aarets-historie	37	88	de	de	PRON	PRON	Case=Nom|Number=Plur|Person=3|PronType=Prs	87	nsubj
aarets-historie	37	89	op	op	ADV	ADV	_	87	advmod:lmod
aarets-historie	37	90	til	til	ADP	ADP	AdpType=Prep	93	case
aarets-historie	37	91	den	den	DET	DET	Gender=Com|Number=Sing|PronType=Dem	93	det
aarets-historie	37	92	gamle	gammel	ADJ	ADJ	Definite=Def|Degree=Pos|Number=Sing	93	amod
aarets-historie	37	93	Iismand	iismand	NOUN	NOUN	Definite=Ind|Gender=Neut|Number=Sing	89	obl
aarets-historie	37	94	,	,	PUNCT	PUNCT	_	95	punct
aarets-historie	37	95	Vinteren	vinter	NOUN	NOUN	Definite=Def|Gender=Com|Number=Sing	93	conj
aarets-historie	37	96	,	,	PUNCT	PUNCT	_	95	punct
aarets-historie	37	97	lagde	lægge	VERB	VERB	Mood=Ind|Tense=Past|VerbForm=Fin|Voice=Act	65	conj
aarets-historie	37	98	sig	sig	PRON	PRON	Case=Acc|Person=3|PronType=Prs|Reflex=Yes	97	obj
aarets-historie	37	99	ved	ved	ADP	ADP	AdpType=Prep	101	case
aarets-historie	37	100	hans	hans	DET	DET	Number[psor]=Sing|Person=3|Poss=Yes|PronType=Prs	101	det
aarets-historie	37	101	Bryst	bryst	NOUN	NOUN	Definite=Ind|Gender=Neut|Number=Sing	97	obl
aarets-historie	37	102	til	til	ADP	ADP	AdpType=Prep	104	case
aarets-historie	37	103	ny	ny	ADJ	ADJ	Definite=Ind|Degree=Pos|Gender=Com|Number=Sing	104	amod
aarets-historie	37	104	Hilsen	hilsen	NOUN	NOUN	Definite=Ind|Gender=Com|Number=Sing	97	obl
aarets-historie	37	105	og	og	CCONJ	CCONJ	_	113	cc
aarets-historie	37	106	i	i	ADP	ADP	AdpType=Prep	108	case
aarets-historie	37	107	samme	samme	ADJ	ADJ	Degree=Pos	108	amod
aarets-historie	37	108	Stund	stund	NOUN	NOUN	Definite=Ind|Gender=Com|Number=Sing	113	obl
aarets-historie	37	109	var	være	AUX	AUX	Mood=Ind|Tense=Past|VerbForm=Fin|Voice=Act	113	cop
aarets-historie	37	110	de	de	PRON	PRON	Case=Nom|Number=Plur|Person=3|PronType=Prs	113	nsubj
aarets-historie	37	111	alle	al	ADJ	ADJ	Degree=Pos|Number=Plur	113	amod
aarets-historie	37	112	tre	tre	NUM	NUM	NumType=Card	113	nummod
aarets-historie	37	113	skjulte	skjule	VERB	VERB	Mood=Ind|Tense=Past|VerbForm=Fin|Voice=Act	97	conj
aarets-historie	37	114	og	og	CCONJ	CCONJ	_	116	cc
aarets-historie	37	115	hele	hel	ADJ	ADJ	Definite=Def|Degree=Pos|Number=Sing	116	amod
aarets-historie	37	116	Landskabet	landskab	NOUN	NOUN	Definite=Def|Gender=Neut|Number=Sing	113	conj
aarets-historie	37	117	skjult	skjult	ADV	ADV	Degree=Pos	113	amod
aarets-historie	37	118	;	;	PUNCT	PUNCT	_	117	punct
aarets-historie	37	119	en	en	DET	DET	Gender=Com|Number=Sing|PronType=Ind	123	det
aarets-historie	37	120	tyk	tyk	ADJ	ADJ	Definite=Ind|Degree=Pos|Gender=Com|Number=Sing	123	amod
aarets-historie	37	121	,	,	PUNCT	PUNCT	_	123	punct
aarets-historie	37	122	våd	våd	ADJ	ADJ	Definite=Ind|Degree=Pos|Gender=Com|Number=Sing	123	amod
aarets-historie	37	123	Tåge	Tåge	NOUN	NOUN	Definite=Ind|Gender=Com|Number=Sing	65	obj
aarets-historie	37	124	,	,	PUNCT	PUNCT	_	65	punct
aarets-historie	37	125	så	så	ADV	ADV	_	126	advmod
aarets-historie	37	126	tæt	tæt	ADV	ADV	Degree=Pos	65	advmod
aarets-historie	37	127	og	og	CCONJ	CCONJ	_	128	cc
aarets-historie	37	128	tung	tung	ADJ	ADJ	Definite=Ind|Degree=Pos|Gender=Com|Number=Sing	126	conj
aarets-historie	37	129	,	,	PUNCT	PUNCT	_	126	punct
aarets-historie	37	130	indhyllede	indhylle	VERB	VERB	Mood=Ind|Tense=Past|VerbForm=Fin|Voice=Act	65	conj
aarets-historie	37	131	Alt	al	ADJ	ADJ	Degree=Pos|Gender=Neut|Number=Sing	130	obj
aarets-historie	37	132	.	.	PUNCT	PUNCT	_	13	punct
aarets-historie	38	0	–	–	INTJ	INTJ	_	8	punct
aarets-historie	38	1	"
"	"
"	SPACE	SPACE	_	0	dep
aarets-historie	38	2	Lidt	lidt	ADV	ADV	Degree=Pos	3	obl:tmod
aarets-historie	38	3	efter	efter	ADV	ADV	_	4	advmod
aarets-historie	38	4	luftede	lufte	VERB	VERB	Mood=Ind|Tense=Past|VerbForm=Fin|Voice=Act	0	dep
aarets-historie	38	5	det	det	PRON	PRON	Case=Acc|Gender=Neut|Number=Sing|Person=3|PronType=Prs	4	obj
aarets-historie	38	6	,	,	PUNCT	PUNCT	_	4	punct
aarets-historie	38	7	–	–	CCONJ	CCONJ	_	8	punct
aarets-historie	38	8	Vinden	vind	NOUN	NOUN	Definite=Def|Gender=Com|Number=Sing	31	nsubj
aarets-historie	38	9	for	for	ADP	ADP	AdpType=Prep	10	case
aarets-historie	38	10	afsted	afsted	ADV	ADV	_	8	nmod
aarets-historie	38	11	,	,	PUNCT	PUNCT	_	8	punct
aarets-historie	38	12	den	den	PRON	PRON	Case=Acc|Gender=Com|Number=Sing|Person=3|PronType=Prs	13	nsubj
aarets-historie	38	13	kom	komme	VERB	VERB	Mood=Ind|Tense=Past|VerbForm=Fin|Voice=Act	8	acl:relcl
aarets-historie	38	14	med	med	ADP	ADP	AdpType=Prep	16	case
aarets-historie	38	15	stærke	stærk	ADJ	ADJ	Degree=Pos|Number=Plur	16	amod
aarets-historie	38	16	Kast	Kast	NOUN	NOUN	Definite=Ind|Gender=Neut|Number=Plur	13	obl
aarets-historie	38	17	og	og	CCONJ	CCONJ	_	18	cc
aarets-historie	38	18	jog	jage	VERB	VERB	Mood=Ind|Tense=Past|VerbForm=Fin|Voice=Act	13	conj
aarets-historie	38	19	Tågen	Tågen	NOUN	NOUN	Definite=Def|Gender=Com|Number=Sing	18	obj
aarets-historie	38	20	bort	bort	ADV	ADV	_	18	advmod:lmod
aarets-historie	38	21	,	,	PUNCT	PUNCT	_	13	punct
aarets-historie	38	22	Solen	sol	NOUN	NOUN	Definite=Def|Gender=Com|Number=Sing	23	nsubj
aarets-historie	38	23	skinnede	skinne	VERB	VERB	Mood=Ind|Tense=Past|VerbForm=Fin|Voice=Act	13	advmod
aarets-historie	38	24	så	så	ADV	ADV	_	25	advmod
aarets-historie	38	25	varmt	varm	ADJ	ADJ	Definite=Ind|Degree=Pos|Gender=Neut|Number=Sing	23	conj
aarets-historie	38	26	;	;	PUNCT	PUNCT	_	23	punct
aarets-historie	38	27	–	–	AUX	AUX	Mood=Ind|Tense=Pres|VerbForm=Fin|Voice=Act	23	nmod
aarets-historie	38	28	Vinteren	vinter	NOUN	NOUN	Definite=Def|Gender=Com|Number=Sing	8	nmod
aarets-historie	38	29	selv	selv	PRON	PRON	PronType=Dem	28	nmod
aarets-historie	38	30	var	være	AUX	AUX	Mood=Ind|Tense=Past|VerbForm=Fin|Voice=Act	31	cop
aarets-historie	38	31	forsvunden	forsvund	NOUN	NOUN	Definite=Def|Gender=Com|Number=Sing	36	nsubj
aarets-historie	38	32	,	,	PUNCT	PUNCT	_	35	punct
aarets-historie	38	33	Forårets	forår	NOUN	NOUN	Case=Gen|Definite=Def|Gender=Neut|Number=Sing	35	nmod:poss
aarets-historie	38	34	dejlige	dejlig	ADJ	ADJ	Degree=Pos|Number=Plur	35	amod
aarets-historie	38	35	Børn	Børn	NOUN	NOUN	Definite=Ind|Gender=Neut|Number=Plur	31	obl
aarets-historie	38	36	sad	sidde	VERB	VERB	Mood=Ind|Tense=Past|VerbForm=Fin|Voice=Act	36	ROOT
aarets-historie	38	37	på	på	ADP	ADP	AdpType=Prep	39	case
aarets-historie	38	38	Årets	År	NOUN	NOUN	Case=Gen|Definite=Def|Gender=Neut|Number=Sing	39	nmod:poss
aarets-historie	38	39	Throne	Throne	NOUN	NOUN	Definite=Ind|Gender=Com|Number=Sing	36	obl
aarets-historie	38	40	.	.	PUNCT	PUNCT	_	36	punct
aarets-historie	39	0	»	»	NOUN	NOUN	Definite=Ind|Gender=Com|Number=Sing	2	punct
aarets-historie	39	1	Det	det	PRON	PRON	Case=Acc|Gender=Neut|Number=Sing|Person=3|PronType=Prs	2	obj
aarets-historie	39	2	kalder	kalde	VERB	VERB	Mood=Ind|Tense=Pres|VerbForm=Fin|Voice=Act	2	ROOT
aarets-historie	39	3	jeg	jeg	PRON	PRON	Case=Nom|Gender=Com|Number=Sing|Person=1|PronType=Prs	2	nsubj
aarets-historie	39	4	Nytår	Nytår	NOUN	NOUN	Definite=Ind|Gender=Neut|Number=Sing	2	obl
aarets-historie	39	5	!	!	PUNCT	PUNCT	_	2	punct
aarets-historie	39	6	«	«	NOUN	NOUN	Definite=Ind|Gender=Com|Number=Sing	8	nsubj
aarets-historie	39	7	"
"	"
"	SPACE	SPACE	_	6	dep
aarets-historie	39	8	sagde	sige	VERB	VERB	Mood=Ind|Tense=Past|VerbForm=Fin|Voice=Act	8	ROOT
aarets-historie	39	9	Spurvene	Spurvene	NOUN	NOUN	Definite=Def|Gender=Com|Number=Plur	8	nsubj
aarets-historie	39	10	.	.	PUNCT	PUNCT	_	8	punct
aarets-historie	40	0	»	»	NOUN	NOUN	Definite=Ind|Gender=Com|Number=Sing	0	ROOT
aarets-historie	40	1	"
"	"
"	SPACE	SPACE	_	0	dep
aarets-historie	40	2	Nu	nu	ADV	ADV	_	3	advmod
aarets-historie	40	3	fåe	fåe	ADJ	ADJ	Degree=Pos	3	ROOT
aarets-historie	40	4	vi	vi	PRON	PRON	Case=Nom|Gender=Com|Number=Plur|Person=1|PronType=Prs	3	nsubj
aarets-historie	40	5	vel	vel	ADV	ADV	_	3	advmod
aarets-historie	40	6	igen	igen	ADV	ADV	_	3	advmod
aarets-historie	40	7	vore	vores	DET	DET	Number=Plur|Number[psor]=Plur|Person=1|Poss=Yes|PronType=Prs|Style=Form	8	det
aarets-historie	40	8	Rettigheder	rettighede	NOUN	NOUN	Definite=Ind|Gender=Com|Number=Plur	3	obj
aarets-historie	40	9	og	og	CCONJ	CCONJ	_	10	cc
aarets-historie	40	10	Erstatning	Erstatning	NOUN	NOUN	Definite=Ind|Gender=Com|Number=Sing	8	conj
aarets-historie	40	11	for	for	ADP	ADP	AdpType=Prep	14	case
aarets-historie	40	12	den	den	DET	DET	Gender=Com|Number=Sing|PronType=Dem	14	det
aarets-historie	40	13	strænge	strænge	ADJ	ADJ	Definite=Def|Degree=Pos|Number=Sing	14	amod
aarets-historie	40	14	Vinter	vinter	NOUN	NOUN	Definite=Ind|Gender=Com|Number=Sing	3	obl
aarets-historie	40	15	!	!	PUNCT	PUNCT	_	3	punct
aarets-historie	40	16	«	«	NOUN	NOUN	Definite=Ind|Gender=Com|Number=Sing	3	obj
aarets-historie	40	17	"
"	"
"	SPACE	SPACE	_	16	dep
aarets-historie	40	18	Hvorhen	hvorhen	ADV	ADV	_	22	mark
aarets-historie	40	19	de	den	DET	DET	Number=Plur|PronType=Dem	21	det
aarets-historie	40	20	to	to	NUM	NUM	NumType=Card	21	nummod
aarets-historie	40	21	Børn	Barn	NOUN	NOUN	Definite=Ind|Gender=Neut|Number=Plur	22	nsubj
aarets-historie	40	22	vendte	vende	VERB	VERB	Mood=Ind|Tense=Past|VerbForm=Fin|Voice=Act	22	ROOT
aarets-historie	40	23	sig	sig	PRON	PRON	Case=Acc|Person=3|PronType=Prs|Reflex=Yes	22	obj
aarets-historie	40	24	,	,	PUNCT	PUNCT	_	23	punct
aarets-historie	40	25	der	der	PRON	PRON	PartType=Inf	26	nsubj
aarets-historie	40	26	skød	skyde	VERB	VERB	Mood=Ind|Tense=Past|VerbForm=Fin|Voice=Act	23	acl:relcl
aarets-historie	40	27	grønne	grøn	ADJ	ADJ	Degree=Pos|Number=Plur	28	amod
aarets-historie	40	28	Knopper	knoppe	NOUN	NOUN	Definite=Ind|Gender=Com|Number=Plur	26	obj
aarets-historie	40	29	frem	frem	ADV	ADV	_	26	advmod:lmod
aarets-historie	40	30	på	på	ADP	ADP	AdpType=Prep	31	case
aarets-historie	40	31	Buske	Busk	NOUN	NOUN	Definite=Ind|Gender=Com|Number=Plur	29	obl
aarets-historie	40	32	og	og	CCONJ	CCONJ	_	33	cc
aarets-historie	40	33	Træer	Træ	NOUN	NOUN	Definite=Ind|Gender=Neut|Number=Plur	31	conj
aarets-historie	40	34	,	,	PUNCT	PUNCT	_	31	punct
aarets-historie	40	35	der	der	PRON	PRON	PartType=Inf	38	nsubj
aarets-historie	40	36	blev	blive	AUX	AUX	Mood=Ind|Tense=Past|VerbForm=Fin|Voice=Act	38	cop
aarets-historie	40	37	Græsset	Græsset	NOUN	NOUN	Definite=Def|Gender=Neut|Number=Sing	38	obl
aarets-historie	40	38	højere	høj	ADJ	ADJ	Degree=Cmp	31	acl:relcl
aarets-historie	40	39	,	,	PUNCT	PUNCT	_	38	punct
aarets-historie	40	40	Sædemarken	Sædemar	NOUN	NOUN	Definite=Def|Gender=Com|Number=Sing	22	obj
aarets-historie	40	41	mere	meget	ADJ	ADJ	Definite=Ind|Degree=Cmp|Number=Sing	40	advmod
aarets-historie	40	42	og	og	CCONJ	CCONJ	_	44	cc
aarets-historie	40	43	mere	mere	ADV	ADV	Degree=Cmp	44	advmod
aarets-historie	40	44	liflig	liflig	ADJ	ADJ	Definite=Ind|Degree=Pos|Gender=Com|Number=Sing	41	conj
aarets-historie	40	45	grøn	grøn	ADJ	ADJ	Definite=Ind|Degree=Pos|Gender=Com|Number=Sing	41	amod
aarets-historie	40	46	.	.	PUNCT	PUNCT	_	22	punct
aarets-historie	41	0	Og	og	CCONJ	CCONJ	_	2	cc
aarets-historie	41	1	rundtom	rundtom	NOUN	NOUN	_	2	nsubj
aarets-historie	41	2	kastede	kaste	VERB	VERB	Mood=Ind|Tense=Past|VerbForm=Fin|Voice=Act	2	ROOT
aarets-historie	41	3	den	den	DET	DET	Gender=Com|Number=Sing|PronType=Dem	5	det
aarets-historie	41	4	lille	lille	ADJ	ADJ	Degree=Pos|Number=Sing	5	amod
aarets-historie	41	5	Pige	Pige	NOUN	NOUN	Definite=Ind|Gender=Com|Number=Sing	6	amod
aarets-historie	41	6	Blomster	blomst	NOUN	NOUN	Definite=Ind|Gender=Com|Number=Plur	2	obl
aarets-historie	41	7	;	;	PUNCT	PUNCT	_	9	punct
aarets-historie	41	8	hun	hun	PRON	PRON	Case=Nom|Gender=Com|Number=Sing|Person=3|PronType=Prs	9	nsubj
aarets-historie	41	9	havde	have	VERB	VERB	Mood=Ind|Tense=Past|VerbForm=Fin|Voice=Act	2	conj
aarets-historie	41	10	af	af	ADP	ADP	AdpType=Prep	11	case
aarets-historie	41	11	dem	de	PRON	PRON	Case=Acc|Number=Plur|Person=3|PronType=Prs	9	obl
aarets-historie	41	12	i	i	ADP	ADP	AdpType=Prep	13	case
aarets-historie	41	13	Overflødighed	overflødighed	NOUN	NOUN	Definite=Ind|Gender=Com|Number=Sing	9	obl
aarets-historie	41	14	i	i	ADP	ADP	AdpType=Prep	16	case
aarets-historie	41	15	sit	sin	DET	DET	Gender=Neut|Number=Sing|Number[psor]=Sing|Person=3|Poss=Yes|PronType=Prs|Reflex=Yes	16	det
aarets-historie	41	16	Skørt	skørt	NOUN	NOUN	Definite=Ind|Gender=Com|Number=Sing	13	nmod
aarets-historie	41	17	,	,	PUNCT	PUNCT	_	16	punct
aarets-historie	41	18	de	de	PRON	PRON	Case=Nom|Number=Plur|Person=3|PronType=Prs	19	nsubj
aarets-historie	41	19	syntes	synes	VERB	VERB	Mood=Ind|Tense=Past|VerbForm=Fin|Voice=Act	2	conj
aarets-historie	41	20	der	der	ADV	ADV	PartType=Inf	19	expl
aarets-historie	41	21	at	at	PART	PART	PartType=Inf	22	mark
aarets-historie	41	22	myldre	mylder	VERB	VERB	VerbForm=Inf|Voice=Act	19	obj
aarets-historie	41	23	frem	frem	ADV	ADV	_	22	advmod:lmod
aarets-historie	41	24	,	,	PUNCT	PUNCT	_	19	punct
aarets-historie	41	25	altid	altid	ADV	ADV	_	28	advmod
aarets-historie	41	26	var	være	AUX	AUX	Mood=Ind|Tense=Past|VerbForm=Fin|Voice=Act	28	cop
aarets-historie	41	27	det	det	PRON	PRON	Case=Acc|Gender=Neut|Number=Sing|Person=3|PronType=Prs	28	nsubj
aarets-historie	41	28	fuldt	fuld	ADV	ADV	Degree=Pos	19	advmod
aarets-historie	41	29	,	,	PUNCT	PUNCT	_	28	punct
aarets-historie	41	30	i	i	ADP	ADP	AdpType=Prep	32	case
aarets-historie	41	31	hvor	hvor	ADV	ADV	_	32	advmod
aarets-historie	41	32	ivrig	ivrig	ADJ	ADJ	Definite=Ind|Degree=Pos|Gender=Com|Number=Sing	19	amod
aarets-historie	41	33	hun	hun	PRON	PRON	Case=Nom|Gender=Com|Number=Sing|Person=3|PronType=Prs	34	nsubj
aarets-historie	41	34	var	være	VERB	VERB	Mood=Ind|Tense=Past|VerbForm=Fin|Voice=Act	32	acl:relcl
aarets-historie	41	35	med	med	ADP	ADP	AdpType=Prep	37	mark
aarets-historie	41	36	at	at	PART	PART	PartType=Inf	37	mark
aarets-historie	41	37	kaste	kaste	VERB	VERB	VerbForm=Inf|Voice=Act	34	advcl
aarets-historie	41	38	,	,	PUNCT	PUNCT	_	34	punct
aarets-historie	41	39	–	–	CCONJ	CCONJ	_	19	dep
aarets-historie	41	40	i	i	ADP	ADP	AdpType=Prep	42	case
aarets-historie	41	41	sin	sin	DET	DET	Gender=Com|Number=Sing|Number[psor]=Sing|Person=3|Poss=Yes|PronType=Prs|Reflex=Yes	42	det
aarets-historie	41	42	Iilfærdighed	Iilfærdighed	PROPN	PROPN	_	43	obl
aarets-historie	41	43	rystede	ryste	VERB	VERB	Mood=Ind|Tense=Past|VerbForm=Fin|Voice=Act	2	ccomp
aarets-historie	41	44	hun	hun	PRON	PRON	Case=Nom|Gender=Com|Number=Sing|Person=3|PronType=Prs	43	nsubj
aarets-historie	41	45	en	en	DET	DET	Gender=Com|Number=Sing|PronType=Ind	47	det
aarets-historie	41	46	hel	hel	ADJ	ADJ	Definite=Ind|Degree=Pos|Gender=Com|Number=Sing	47	amod
aarets-historie	41	47	Blomster-Sne	blomster-Sne	NOUN	NOUN	Definite=Ind|Gender=Com|Number=Sing	43	obj
aarets-historie	41	48	henover	henover	ADP	ADP	AdpType=Prep	49	case
aarets-historie	41	49	Æble-	Æble-	NOUN	NOUN	Definite=Ind|Gender=Com|Number=Plur	43	obl
aarets-historie	41	50	og	og	CCONJ	CCONJ	_	51	cc
aarets-historie	41	51	Ferskentræer	Ferskentræer	NOUN	NOUN	Definite=Def|Gender=Neut|Number=Sing	49	conj
aarets-historie	41	52	,	,	PUNCT	PUNCT	_	43	punct
aarets-historie	41	53	så	så	SCONJ	SCONJ	_	64	mark
aarets-historie	41	54	at	at	SCONJ	SCONJ	_	64	mark
aarets-historie	41	55	de	den	DET	DET	Number=Plur|PronType=Dem	56	det
aarets-historie	41	56	stode	stode	NOUN	NOUN	_	64	nsubj
aarets-historie	41	57	i	i	ADP	ADP	AdpType=Prep	59	case
aarets-historie	41	58	fuld	fuld	ADJ	ADJ	Definite=Ind|Degree=Pos|Gender=Com|Number=Sing	59	amod
aarets-historie	41	59	Pragt	pragt	NOUN	NOUN	Definite=Ind|Gender=Com|Number=Sing	56	nmod
aarets-historie	41	60	før	før	SCONJ	SCONJ	_	64	case
aarets-historie	41	61	de	den	PRON	PRON	Case=Nom|Number=Plur|Person=3|PronType=Prs	64	nsubj
aarets-historie	41	62	endnu	endnu	ADV	ADV	_	63	advmod
aarets-historie	41	63	rigtig	rigtig	ADV	ADV	Degree=Pos	64	advmod
aarets-historie	41	64	havde	have	AUX	AUX	Mood=Ind|Tense=Past|VerbForm=Fin|Voice=Act	43	advmod
aarets-historie	41	65	grønne	grøn	ADJ	ADJ	Degree=Pos|Number=Plur	66	amod
aarets-historie	41	66	Blade	blad	NOUN	NOUN	Definite=Ind|Gender=Neut|Number=Plur	64	obj
aarets-historie	41	67	.	.	PUNCT	PUNCT	_	2	punct
aarets-historie	42	0	Og	og	CCONJ	CCONJ	_	2	cc
aarets-historie	42	1	hun	hun	PRON	PRON	Case=Nom|Gender=Com|Number=Sing|Person=3|PronType=Prs	2	nsubj
aarets-historie	42	2	klappede	klappe	VERB	VERB	Mood=Ind|Tense=Past|VerbForm=Fin|Voice=Act	2	ROOT
aarets-historie	42	3	i	i	ADP	ADP	AdpType=Prep	4	case
aarets-historie	42	4	Hænderne	Hånd	NOUN	NOUN	Definite=Def|Gender=Com|Number=Plur	2	obl
aarets-historie	42	5	og	og	CCONJ	CCONJ	_	6	cc
aarets-historie	42	6	Drengen	dreng	NOUN	NOUN	Definite=Def|Gender=Com|Number=Sing	4	conj
aarets-historie	42	7	klappede	klappe	VERB	VERB	Mood=Ind|Tense=Past|VerbForm=Fin|Voice=Act	2	xcomp
aarets-historie	42	8	,	,	PUNCT	PUNCT	_	11	punct
aarets-historie	42	9	og	og	CCONJ	CCONJ	_	11	cc
aarets-historie	42	10	da	da	ADV	ADV	_	11	advmod
aarets-historie	42	11	kom	komme	VERB	VERB	Mood=Ind|Tense=Past|VerbForm=Fin|Voice=Act	2	conj
aarets-historie	42	12	der	der	ADV	ADV	PartType=Inf	11	expl
aarets-historie	42	13	Fugle	Fugle	NOUN	NOUN	Definite=Ind|Gender=Com|Number=Plur	11	obj
aarets-historie	42	14	frem	frem	ADV	ADV	_	11	advmod:lmod
aarets-historie	42	15	,	,	PUNCT	PUNCT	_	17	punct
aarets-historie	42	16	man	man	PRON	PRON	Case=Nom|Gender=Com|PronType=Ind	17	nsubj
aarets-historie	42	17	vidste	vide	VERB	VERB	Mood=Ind|Tense=Past|VerbForm=Fin|Voice=Act	11	conj
aarets-historie	42	18	ikke	ikke	ADV	ADV	_	17	advmod
aarets-historie	42	19	hvorfra	hvorfra	ADV	ADV	_	17	advmod
aarets-historie	42	20	,	,	PUNCT	PUNCT	_	23	punct
aarets-historie	42	21	og	og	CCONJ	CCONJ	_	23	cc
aarets-historie	42	22	Alle	al	ADJ	ADJ	Degree=Pos|Number=Plur	23	amod
aarets-historie	42	23	qviddrede	qviddrede	NOUN	NOUN	Definite=Ind|Gender=Neut|Number=Plur	11	conj
aarets-historie	42	24	og	og	CCONJ	CCONJ	_	25	cc
aarets-historie	42	25	sang	sang	NOUN	NOUN	Definite=Ind|Gender=Com|Number=Sing	23	conj
aarets-historie	42	26	:	:	PUNCT	PUNCT	_	11	punct
aarets-historie	42	27	»	»	NOUN	NOUN	Definite=Ind|Gender=Com|Number=Sing	11	dep
aarets-historie	42	28	Våren	Våren	NOUN	NOUN	Definite=Def|Gender=Com|Number=Sing	30	nsubj
aarets-historie	42	29	er	være	AUX	AUX	Mood=Ind|Tense=Pres|VerbForm=Fin|Voice=Act	30	cop
aarets-historie	42	30	kommen	komm	VERB	VERB	Definite=Ind|Number=Sing|Tense=Past|VerbForm=Part	30	ROOT
aarets-historie	42	31	!	!	PUNCT	PUNCT	_	30	punct
aarets-historie	42	32	«	«	NOUN	NOUN	Definite=Ind|Gender=Com|Number=Sing	32	ROOT
aarets-historie	42	33	"
"	"
"	SPACE	SPACE	_	32	dep
aarets-historie	42	34	Det	det	PRON	PRON	Case=Acc|Gender=Neut|Number=Sing|Person=3|PronType=Prs	36	nsubj
aarets-historie	42	35	var	være	AUX	AUX	Mood=Ind|Tense=Past|VerbForm=Fin|Voice=Act	36	cop
aarets-historie	42	36	dejligt	dejlig	ADJ	ADJ	Definite=Ind|Degree=Pos|Gender=Neut|Number=Sing	36	ROOT
aarets-historie	42	37	at	at	PART	PART	PartType=Inf	38	mark
aarets-historie	42	38	se	se	VERB	VERB	VerbForm=Inf|Voice=Act	34	acl:relcl
aarets-historie	42	39	.	.	PUNCT	PUNCT	_	36	punct
aarets-historie	43	0	Og	og	CCONJ	CCONJ	_	2	cc
aarets-historie	43	1	mangen	mang	NOUN	NOUN	Definite=Def|Gender=Com|Number=Sing	2	advmod
aarets-historie	43	2	gammel	gammel	ADJ	ADJ	Definite=Ind|Degree=Pos|Gender=Com|Number=Sing	2	ROOT
aarets-historie	43	3	Morlille	Morlille	PROPN	PROPN	_	4	nsubj
aarets-historie	43	4	kom	komme	VERB	VERB	Mood=Ind|Tense=Past|VerbForm=Fin|Voice=Act	2	acl:relcl
aarets-historie	43	5	udenfor	udenfor	ADP	ADP	AdpType=Prep	7	case
aarets-historie	43	6	sin	sin	DET	DET	Gender=Com|Number=Sing|Number[psor]=Sing|Person=3|Poss=Yes|PronType=Prs|Reflex=Yes	7	det
aarets-historie	43	7	Dør	Dør	NOUN	NOUN	Definite=Ind|Gender=Com|Number=Sing	4	obl
aarets-historie	43	8	i	i	ADP	ADP	AdpType=Prep	9	case
aarets-historie	43	9	Solskinnet	solskinn	NOUN	NOUN	Definite=Def|Gender=Neut|Number=Sing	7	nmod
aarets-historie	43	10	,	,	PUNCT	PUNCT	_	11	punct
aarets-historie	43	11	skuttede	skutte	VERB	VERB	Mood=Ind|Tense=Past|VerbForm=Fin|Voice=Act	4	conj
aarets-historie	43	12	sig	sig	PRON	PRON	Case=Acc|Person=3|PronType=Prs|Reflex=Yes	11	obj
aarets-historie	43	13	,	,	PUNCT	PUNCT	_	11	punct
aarets-historie	43	14	såe	såe	ADV	ADV	Degree=Pos	4	conj
aarets-historie	43	15	hen	hen	ADV	ADV	_	14	advmod
aarets-historie	43	16	på	på	ADP	ADP	AdpType=Prep	19	case
aarets-historie	43	17	de	den	DET	DET	Number=Plur|PronType=Dem	19	det
aarets-historie	43	18	gule	gul	ADJ	ADJ	Degree=Pos|Number=Plur	19	amod
aarets-historie	43	19	Blomster	blomst	NOUN	NOUN	Definite=Ind|Gender=Com|Number=Plur	15	obl
aarets-historie	43	20	,	,	PUNCT	PUNCT	_	19	punct
aarets-historie	43	21	der	der	PRON	PRON	PartType=Inf	22	nsubj
aarets-historie	43	22	prangede	prange	VERB	VERB	Mood=Ind|Tense=Past|VerbForm=Fin|Voice=Act	19	acl:relcl
aarets-historie	43	23	over	over	ADP	ADP	AdpType=Prep	25	case
aarets-historie	43	24	hele	hel	ADJ	ADJ	Definite=Def|Degree=Pos|Number=Sing	25	amod
aarets-historie	43	25	Engen	Engen	NOUN	NOUN	Definite=Def|Gender=Com|Number=Sing	22	obl
aarets-historie	43	26	,	,	PUNCT	PUNCT	_	22	punct
aarets-historie	43	27	akkurat	akkurat	ADV	ADV	Degree=Pos	32	advmod
aarets-historie	43	28	ligesom	ligesom	SCONJ	SCONJ	_	27	mark
aarets-historie	43	29	i	i	ADP	ADP	AdpType=Prep	27	case
aarets-historie	43	30	hendes	hendes	DET	DET	Number[psor]=Sing|Person=3|Poss=Yes|PronType=Prs	32	det
aarets-historie	43	31	unge	ung	ADJ	ADJ	Degree=Pos|Number=Plur	32	amod
aarets-historie	43	32	Dage	dag	NOUN	NOUN	Definite=Ind|Gender=Com|Number=Plur	36	obl
aarets-historie	43	33	;	;	PUNCT	PUNCT	_	36	punct
aarets-historie	43	34	Verden	verd	NOUN	NOUN	Definite=Ind|Gender=Com|Number=Sing	36	nsubj
aarets-historie	43	35	blev	blive	AUX	AUX	Mood=Ind|Tense=Past|VerbForm=Fin|Voice=Act	36	cop
aarets-historie	43	36	ung	ung	ADJ	ADJ	Definite=Ind|Degree=Pos|Gender=Com|Number=Sing	22	amod
aarets-historie	43	37	igen	igen	ADV	ADV	_	36	advmod
aarets-historie	43	38	,	,	PUNCT	PUNCT	_	42	punct
aarets-historie	43	39	»	»	NOUN	NOUN	Definite=Ind|Gender=Com|Number=Sing	38	dep
aarets-historie	43	40	det	det	PRON	PRON	Case=Acc|Gender=Neut|Number=Sing|Person=3|PronType=Prs	42	nsubj
aarets-historie	43	41	er	være	AUX	AUX	Mood=Ind|Tense=Pres|VerbForm=Fin|Voice=Act	42	cop
aarets-historie	43	42	velsignet	velsignet	ADJ	ADJ	Definite=Ind|Degree=Pos|Number=Sing	36	conj
aarets-historie	43	43	i	i	ADP	ADP	AdpType=Prep	45	case
aarets-historie	43	44	Dag	Dag	NOUN	NOUN	Definite=Ind|Gender=Com|Number=Sing	43	fixed
aarets-historie	43	45	herude	herude	ADV	ADV	_	42	advmod
aarets-historie	43	46	!	!	PUNCT	PUNCT	_	4	punct
aarets-historie	43	47	«	«	NOUN	NOUN	Definite=Ind|Gender=Com|Number=Sing	47	ROOT
aarets-historie	43	48	"
"	"
"	SPACE	SPACE	_	47	dep
aarets-historie	43	49	sagde	sige	VERB	VERB	Mood=Ind|Tense=Past|VerbForm=Fin|Voice=Act	49	ROOT
aarets-historie	43	50	hun	hun	PRON	PRON	Case=Nom|Gender=Com|Number=Sing|Person=3|PronType=Prs	49	nsubj
aarets-historie	43	51	.	.	PUNCT	PUNCT	_	49	punct
aarets-historie	44	0	Og	og	CCONJ	CCONJ	_	4	cc
aarets-historie	44	1	Skoven	skov	NOUN	NOUN	Definite=Def|Gender=Com|Number=Sing	4	nsubj
aarets-historie	44	2	var	være	AUX	AUX	Mood=Ind|Tense=Past|VerbForm=Fin|Voice=Act	4	cop
aarets-historie	44	3	endnu	endnu	ADV	ADV	_	4	advmod
aarets-historie	44	4	brun-grøn	brun-grøn	NOUN	NOUN	Definite=Ind|Gender=Com|Number=Sing	4	ROOT
aarets-historie	44	5	,	,	PUNCT	PUNCT	_	4	punct
aarets-historie	44	6	Knop	Knop	PROPN	PROPN	_	4	dep
aarets-historie	44	7	ved	ved	ADP	ADP	AdpType=Prep	8	case
aarets-historie	44	8	Knop	Knop	PROPN	PROPN	_	4	nmod
aarets-historie	44	9	,	,	PUNCT	PUNCT	_	13	punct
aarets-historie	44	10	men	men	CCONJ	CCONJ	_	13	cc
aarets-historie	44	11	Skovmærken	Skovmærken	NOUN	NOUN	Definite=Def|Gender=Com|Number=Sing	13	nsubj
aarets-historie	44	12	var	være	AUX	AUX	Mood=Ind|Tense=Past|VerbForm=Fin|Voice=Act	13	cop
aarets-historie	44	13	fremme	fremme	ADV	ADV	_	4	conj
aarets-historie	44	14	,	,	PUNCT	PUNCT	_	13	punct
aarets-historie	44	15	så	så	ADV	ADV	_	16	advmod
aarets-historie	44	16	frisk	frisk	ADJ	ADJ	Definite=Ind|Degree=Pos|Number=Sing	22	amod
aarets-historie	44	17	og	og	CCONJ	CCONJ	_	18	cc
aarets-historie	44	18	så	se	VERB	VERB	Mood=Ind|Tense=Past|VerbForm=Fin|Voice=Act	16	conj
aarets-historie	44	19	duftende	dufte	VERB	VERB	Tense=Pres|VerbForm=Part	16	acl:relcl
aarets-historie	44	20	,	,	PUNCT	PUNCT	_	16	punct
aarets-historie	44	21	Violerne	Violerne	NOUN	NOUN	Case=Gen|Definite=Def|Gender=Com|Number=Plur	22	nmod:poss
aarets-historie	44	22	stode	stode	NOUN	NOUN	_	13	dep
aarets-historie	44	23	i	i	ADP	ADP	AdpType=Prep	25	case
aarets-historie	44	24	en	en	DET	DET	Gender=Com|Number=Sing|PronType=Ind	25	det
aarets-historie	44	25	Fylde	fylde	NOUN	NOUN	Definite=Ind|Gender=Com|Number=Sing	22	nmod
aarets-historie	44	26	,	,	PUNCT	PUNCT	_	29	punct
aarets-historie	44	27	og	og	CCONJ	CCONJ	_	29	cc
aarets-historie	44	28	der	der	ADV	ADV	PartType=Inf	29	expl
aarets-historie	44	29	var	være	VERB	VERB	Mood=Ind|Tense=Past|VerbForm=Fin|Voice=Act	13	conj
aarets-historie	44	30	Anemoner	anemoner	NOUN	NOUN	Definite=Ind|Gender=Neut|Number=Plur	29	obj
aarets-historie	44	31	,	,	PUNCT	PUNCT	_	30	punct
aarets-historie	44	32	Kodriver	Kodriver	PROPN	PROPN	_	29	obj
aarets-historie	44	33	og	og	CCONJ	CCONJ	_	34	cc
aarets-historie	44	34	Oksedriver	Oksedriver	PROPN	PROPN	_	32	conj
aarets-historie	44	35	,	,	PUNCT	PUNCT	_	32	punct
aarets-historie	44	36	ja	ja	INTJ	INTJ	_	29	conj
aarets-historie	44	37	i	i	ADP	ADP	AdpType=Prep	36	advmod
aarets-historie	44	38	hvert	hver	PRON	PRON	Gender=Neut|Number=Sing|PronType=Ind	37	fixed
aarets-historie	44	39	Græsstrå	Græsstrå	PROPN	PROPN	_	37	fixed
aarets-historie	44	40	var	være	AUX	AUX	Mood=Ind|Tense=Past|VerbForm=Fin|Voice=Act	29	conj
aarets-historie	44	41	Saft	saft	NOUN	NOUN	Definite=Ind|Gender=Com|Number=Sing	29	nsubj
aarets-historie	44	42	og	og	CCONJ	CCONJ	_	43	cc
aarets-historie	44	43	Kraft	Kraft	NOUN	NOUN	Definite=Ind|Gender=Com|Number=Sing	41	conj
aarets-historie	44	44	,	,	PUNCT	PUNCT	_	41	punct
aarets-historie	44	45	det	det	PRON	PRON	Case=Acc|Gender=Neut|Number=Sing|Person=3|PronType=Prs	49	nsubj
aarets-historie	44	46	var	være	AUX	AUX	Mood=Ind|Tense=Past|VerbForm=Fin|Voice=Act	49	cop
aarets-historie	44	47	rigtignok	rigtignok	ADV	ADV	_	49	advmod
aarets-historie	44	48	et	en	DET	DET	Gender=Neut|Number=Sing|PronType=Ind	49	det
aarets-historie	44	49	Pragt-Tæppe	Pragt-Tæppe	NOUN	NOUN	Definite=Ind|Gender=Com|Number=Sing	41	acl:relcl
aarets-historie	44	50	at	at	PART	PART	PartType=Inf	51	mark
aarets-historie	44	51	sidde	sidde	VERB	VERB	VerbForm=Inf|Voice=Act	49	nmod
aarets-historie	44	52	på	på	ADP	ADP	AdpType=Prep	51	mark
aarets-historie	44	53	,	,	PUNCT	PUNCT	_	56	punct
aarets-historie	44	54	og	og	CCONJ	CCONJ	_	56	cc
aarets-historie	44	55	der	der	ADV	ADV	PartType=Inf	56	expl
aarets-historie	44	56	sad	sidde	VERB	VERB	Mood=Ind|Tense=Past|VerbForm=Fin|Voice=Act	29	conj
aarets-historie	44	57	Forårets	forår	NOUN	NOUN	Case=Gen|Definite=Def|Gender=Neut|Number=Sing	59	nmod:poss
aarets-historie	44	58	unge	ung	ADJ	ADJ	Degree=Pos|Number=Plur	59	amod
aarets-historie	44	59	Par	par	NOUN	NOUN	Definite=Ind|Gender=Neut|Number=Plur	56	obj
aarets-historie	44	60	og	og	CCONJ	CCONJ	_	61	cc
aarets-historie	44	61	holdt	holde	VERB	VERB	Mood=Ind|Tense=Past|VerbForm=Fin|Voice=Act	56	conj
aarets-historie	44	62	hinanden	hinanden	PRON	PRON	Number=Plur|PronType=Rcp	61	obj
aarets-historie	44	63	i	i	ADP	ADP	AdpType=Prep	64	case
aarets-historie	44	64	Hænderne	Hænderne	NOUN	NOUN	Definite=Def|Gender=Com|Number=Plur	61	obl
aarets-historie	44	65	og	og	CCONJ	CCONJ	_	66	cc
aarets-historie	44	66	sang	sang	NOUN	NOUN	Definite=Ind|Gender=Com|Number=Sing	64	conj
aarets-historie	44	67	og	og	CCONJ	CCONJ	_	68	cc
aarets-historie	44	68	smilede	smile	VERB	VERB	Mood=Ind|Tense=Past|VerbForm=Fin|Voice=Act	61	conj
aarets-historie	44	69	og	og	CCONJ	CCONJ	_	70	cc
aarets-historie	44	70	vokste	vokse	VERB	VERB	Mood=Ind|Tense=Past|VerbForm=Fin|Voice=Act	68	conj
aarets-historie	44	71	mer	mer	ADJ	ADJ	Definite=Ind|Degree=Cmp|Number=Sing	61	obj
aarets-historie	44	72	og	og	CCONJ	CCONJ	_	73	cc
aarets-historie	44	73	mer	mere	ADJ	ADJ	Degree=Pos|Gender=Neut|Number=Sing	56	conj
aarets-historie	44	74	.	.	PUNCT	PUNCT	_	4	punct
aarets-historie	45	0	En	en	DET	DET	Gender=Com|Number=Sing|PronType=Ind	2	det
aarets-historie	45	1	mild	mild	ADJ	ADJ	Definite=Ind|Degree=Pos|Gender=Com|Number=Sing	2	amod
aarets-historie	45	2	Regn	regn	NOUN	NOUN	Definite=Ind|Gender=Com|Number=Sing	3	nsubj
aarets-historie	45	3	faldt	falde	VERB	VERB	Mood=Ind|Tense=Past|VerbForm=Fin|Voice=Act	3	ROOT
aarets-historie	45	4	fra	fra	ADP	ADP	AdpType=Prep	5	case
aarets-historie	45	5	Himlen	Himlen	NOUN	NOUN	Definite=Def|Gender=Com|Number=Sing	3	obl
aarets-historie	45	6	over	over	ADP	ADP	AdpType=Prep	7	case
aarets-historie	45	7	dem	de	PRON	PRON	Case=Acc|Number=Plur|Person=3|PronType=Prs	5	nmod
aarets-historie	45	8	,	,	PUNCT	PUNCT	_	3	punct
aarets-historie	45	9	de	de	PRON	PRON	Case=Nom|Number=Plur|Person=3|PronType=Prs	10	nsubj
aarets-historie	45	10	mærkede	mærke	VERB	VERB	Mood=Ind|Tense=Past|VerbForm=Fin|Voice=Act	3	advcl
aarets-historie	45	11	det	det	PRON	PRON	Case=Acc|Gender=Neut|Number=Sing|Person=3|PronType=Prs	10	obj
aarets-historie	45	12	ikke	ikke	ADV	ADV	_	10	advmod
aarets-historie	45	13	,	,	PUNCT	PUNCT	_	10	punct
aarets-historie	45	14	Regndråben	Regndråben	X	X	_	10	list
aarets-historie	45	15	og	og	CCONJ	CCONJ	_	16	cc
aarets-historie	45	16	Glædeståren	glædestår	NOUN	NOUN	Definite=Def|Gender=Com|Number=Sing	14	conj
aarets-historie	45	17	blev	blive	AUX	AUX	Mood=Ind|Tense=Past|VerbForm=Fin|Voice=Act	21	cop
aarets-historie	45	18	en	en	DET	DET	Gender=Com|Number=Sing|PronType=Ind	21	det
aarets-historie	45	19	og	og	CCONJ	CCONJ	_	20	dep
aarets-historie	45	20	samme	samme	ADJ	ADJ	Degree=Pos	21	amod
aarets-historie	45	21	Dråbe	Dråbe	NOUN	NOUN	Definite=Ind|Gender=Com|Number=Sing	10	obl
aarets-historie	45	22	.	.	PUNCT	PUNCT	_	3	punct
aarets-historie	46	0	Brud	Brud	NOUN	NOUN	Definite=Ind|Gender=Neut|Number=Sing	3	nsubj
aarets-historie	46	1	og	og	CCONJ	CCONJ	_	2	cc
aarets-historie	46	2	Brudgom	Brudgom	NOUN	NOUN	Definite=Ind|Gender=Com|Number=Sing	0	conj
aarets-historie	46	3	kyssede	kysse	VERB	VERB	Mood=Ind|Tense=Past|VerbForm=Fin|Voice=Act	3	ROOT
aarets-historie	46	4	hinanden	hinanden	PRON	PRON	Number=Plur|PronType=Rcp	3	obj
aarets-historie	46	5	,	,	PUNCT	PUNCT	_	10	punct
aarets-historie	46	6	og	og	CCONJ	CCONJ	_	10	cc
aarets-historie	46	7	i	i	ADP	ADP	AdpType=Prep	8	case
aarets-historie	46	8	det	det	PRON	PRON	Case=Acc|Gender=Neut|Number=Sing|Person=3|PronType=Prs	10	obl
aarets-historie	46	9	Nu	nu	ADV	ADV	_	10	advmod
aarets-historie	46	10	sprang	springe	VERB	VERB	Mood=Ind|Tense=Past|VerbForm=Fin|Voice=Act	3	conj
aarets-historie	46	11	Skoven	skov	NOUN	NOUN	Definite=Def|Gender=Com|Number=Sing	10	nsubj
aarets-historie	46	12	ud	ud	ADV	ADV	_	10	advmod:lmod
aarets-historie	46	13	.	.	PUNCT	PUNCT	_	3	punct
aarets-historie	47	0	–	–	VERB	VERB	Mood=Ind|Tense=Pres|VerbForm=Fin|Voice=Pass	0	ROOT
aarets-historie	47	1	"
"	"
"	SPACE	SPACE	_	0	dep
aarets-historie	47	2	Da	da	SCONJ	SCONJ	_	4	mark
aarets-historie	47	3	Solen	sol	NOUN	NOUN	Definite=Def|Gender=Com|Number=Sing	4	nsubj
aarets-historie	47	4	stod	stå	VERB	VERB	Mood=Ind|Tense=Past|VerbForm=Fin|Voice=Act	10	advmod
aarets-historie	47	5	op	op	ADV	ADV	_	4	advmod:lmod
aarets-historie	47	6	,	,	PUNCT	PUNCT	_	4	punct
aarets-historie	47	7	var	være	AUX	AUX	Mood=Ind|Tense=Past|VerbForm=Fin|Voice=Act	10	cop
aarets-historie	47	8	alle	al	ADJ	ADJ	Degree=Pos|Number=Plur	9	amod
aarets-historie	47	9	Skove	Skov	NOUN	NOUN	Definite=Ind|Gender=Com|Number=Plur	10	nsubj
aarets-historie	47	10	grønne	grøn	ADJ	ADJ	Definite=Def|Degree=Pos|Number=Sing	10	ROOT
aarets-historie	47	11	!	!	PUNCT	PUNCT	_	10	punct
aarets-historie	48	0	Og	og	CCONJ	CCONJ	_	4	cc
aarets-historie	48	1	Hånd	hånd	NOUN	NOUN	Definite=Ind|Gender=Com|Number=Sing	4	obl
aarets-historie	48	2	i	i	ADP	ADP	AdpType=Prep	3	case
aarets-historie	48	3	Hånd	hånd	NOUN	NOUN	Definite=Ind|Gender=Com|Number=Sing	1	nmod
aarets-historie	48	4	gik	gå	VERB	VERB	Mood=Ind|Tense=Past|VerbForm=Fin|Voice=Act	4	ROOT
aarets-historie	48	5	Brudeparret	brudeparr	NOUN	NOUN	Definite=Def|Gender=Neut|Number=Sing	4	nsubj
aarets-historie	48	6	under	under	ADP	ADP	AdpType=Prep	10	case
aarets-historie	48	7	det	den	DET	DET	Gender=Neut|Number=Sing|PronType=Dem	10	det
aarets-historie	48	8	friske	frisk	ADJ	ADJ	Definite=Def|Degree=Pos|Number=Sing	10	amod
aarets-historie	48	9	hængende	hænge	VERB	VERB	Tense=Pres|VerbForm=Part	10	amod
aarets-historie	48	10	Løvtag	Løvtag	PROPN	PROPN	_	4	obl
aarets-historie	48	11	,	,	PUNCT	PUNCT	_	10	punct
aarets-historie	48	12	hvor	hvor	ADV	ADV	_	15	advmod
aarets-historie	48	13	kun	kun	ADV	ADV	_	14	advmod
aarets-historie	48	14	Sollysets	Sollysum	NOUN	NOUN	Case=Gen|Definite=Def|Gender=Neut|Number=Sing	15	nmod:poss
aarets-historie	48	15	Stråler	stråle	NOUN	NOUN	Definite=Ind|Gender=Com|Number=Plur	10	acl:relcl
aarets-historie	48	16	og	og	CCONJ	CCONJ	_	17	cc
aarets-historie	48	17	Slagskyggerne	Slagskyggerne	PROPN	PROPN	Case=Gen	15	conj
aarets-historie	48	18	gave	gave	NOUN	NOUN	Definite=Ind|Gender=Com|Number=Sing	15	nmod:poss
aarets-historie	48	19	Farveveksel	farveveksel	PROPN	PROPN	_	15	appos
aarets-historie	48	20	i	i	ADP	ADP	AdpType=Prep	22	case
aarets-historie	48	21	det	den	DET	DET	Gender=Neut|Number=Sing|PronType=Dem	22	det
aarets-historie	48	22	Grønne	Grønne	ADJ	ADJ	Definite=Def|Degree=Pos|Number=Sing	15	nmod
aarets-historie	48	23	.	.	PUNCT	PUNCT	_	4	punct
aarets-historie	49	0	En	en	DET	DET	Gender=Com|Number=Sing|PronType=Ind	2	det
aarets-historie	49	1	jomfruelig	jomfruelig	ADJ	ADJ	Definite=Ind|Degree=Pos|Gender=Com|Number=Sing	2	amod
aarets-historie	49	2	Renhed	Renhed	NOUN	NOUN	Definite=Ind|Gender=Com|Number=Sing	7	nsubj
aarets-historie	49	3	og	og	CCONJ	CCONJ	_	2	dep
aarets-historie	49	4	en	en	DET	DET	Gender=Com|Number=Sing|PronType=Ind	6	det
aarets-historie	49	5	forfriskende	forfriskende	ADJ	ADJ	Degree=Pos	6	amod
aarets-historie	49	6	Duft	Duft	NOUN	NOUN	Definite=Ind|Gender=Com|Number=Sing	2	conj
aarets-historie	49	7	var	være	AUX	AUX	Mood=Ind|Tense=Past|VerbForm=Fin|Voice=Act	7	ROOT
aarets-historie	49	8	i	i	ADP	ADP	AdpType=Prep	11	case
aarets-historie	49	9	de	den	DET	DET	Number=Plur|PronType=Dem	11	det
aarets-historie	49	10	fine	fin	ADJ	ADJ	Degree=Pos|Number=Plur	11	amod
aarets-historie	49	11	Blade	blad	NOUN	NOUN	Definite=Ind|Gender=Neut|Number=Plur	7	obl
aarets-historie	49	12	!	!	PUNCT	PUNCT	_	7	punct
aarets-historie	50	0	klar	klar	ADJ	ADJ	Definite=Ind|Degree=Pos|Gender=Com|Number=Sing	0	ROOT
aarets-historie	50	1	og	og	CCONJ	CCONJ	_	2	cc
aarets-historie	50	2	levende	levende	ADJ	ADJ	Degree=Pos	0	conj
aarets-historie	50	3	rislede	risle	VERB	VERB	Mood=Ind|Tense=Past|VerbForm=Fin|Voice=Act	0	conj
aarets-historie	50	4	Å	Å	NOUN	NOUN	Definite=Ind|Gender=Com|Number=Sing	3	obl
aarets-historie	50	5	og	og	CCONJ	CCONJ	_	6	cc
aarets-historie	50	6	Bæk	Bæk	PROPN	PROPN	_	4	conj
aarets-historie	50	7	mellem	mellem	ADP	ADP	AdpType=Prep	10	case
aarets-historie	50	8	de	den	DET	DET	Number=Plur|PronType=Dem	10	det
aarets-historie	50	9	fløjelsgrønne	fløjelsgrønne	NOUN	NOUN	_	10	nmod
aarets-historie	50	10	Siv	Siv	PROPN	PROPN	_	3	obl
aarets-historie	50	11	og	og	CCONJ	CCONJ	_	15	cc
aarets-historie	50	12	over	over	ADP	ADP	AdpType=Prep	15	case
aarets-historie	50	13	de	den	DET	DET	Number=Plur|PronType=Dem	15	det
aarets-historie	50	14	brogede	broget	ADJ	ADJ	Degree=Pos|Number=Plur	15	amod
aarets-historie	50	15	Stene	Stene	NOUN	NOUN	Definite=Ind|Gender=Com|Number=Plur	10	conj
aarets-historie	50	16	.	.	PUNCT	PUNCT	_	0	punct
aarets-historie	51	0	»	»	NOUN	NOUN	Definite=Ind|Gender=Com|Number=Sing	0	ROOT
aarets-historie	51	1	"
"	"
"	SPACE	SPACE	_	0	dep
aarets-historie	51	2	Fuldtop	fuldtop	PROPN	PROPN	_	0	flat
aarets-historie	51	3	evigt	evigt	ADV	ADV	Degree=Pos	12	cc
aarets-historie	51	4	og	og	CCONJ	CCONJ	_	7	cc
aarets-historie	51	5	altid	altid	ADV	ADV	_	7	advmod
aarets-historie	51	6	er	være	AUX	AUX	Mood=Ind|Tense=Pres|VerbForm=Fin|Voice=Act	7	cop
aarets-historie	51	7	det	det	PRON	PRON	Case=Acc|Gender=Neut|Number=Sing|Person=3|PronType=Prs	3	conj
aarets-historie	51	8	og	og	CCONJ	CCONJ	_	10	cc
aarets-historie	51	9	bliver	blive	AUX	AUX	Mood=Ind|Tense=Pres|VerbForm=Fin|Voice=Act	10	cop
aarets-historie	51	10	det	det	PRON	PRON	Case=Acc|Gender=Neut|Number=Sing|Person=3|PronType=Prs	3	conj
aarets-historie	51	11	!	!	PUNCT	PUNCT	_	3	punct
aarets-historie	51	12	«	«	NOUN	NOUN	Definite=Ind|Gender=Com|Number=Sing	14	nsubj
aarets-historie	51	13	"
"	"
"	SPACE	SPACE	_	12	dep
aarets-historie	51	14	sagde	sige	VERB	VERB	Mood=Ind|Tense=Past|VerbForm=Fin|Voice=Act	14	ROOT
aarets-historie	51	15	hele	hel	ADJ	ADJ	Definite=Def|Degree=Pos|Number=Sing	16	amod
aarets-historie	51	16	Naturen	Naturen	NOUN	NOUN	Definite=Def|Gender=Com|Number=Sing	14	nsubj
aarets-historie	51	17	.	.	PUNCT	PUNCT	_	14	punct
aarets-historie	52	0	Og	og	CCONJ	CCONJ	_	2	cc
aarets-historie	52	1	Kukkeren	kukker	NOUN	NOUN	Definite=Def|Gender=Com|Number=Sing	2	nmod:poss
aarets-historie	52	2	sang	sang	NOUN	NOUN	Definite=Ind|Gender=Com|Number=Sing	5	nsubj
aarets-historie	52	3	og	og	CCONJ	CCONJ	_	4	cc
aarets-historie	52	4	Lærken	Lærke	PROPN	PROPN	_	2	conj
aarets-historie	52	5	slog	slå	VERB	VERB	Mood=Ind|Tense=Past|VerbForm=Fin|Voice=Act	5	ROOT
aarets-historie	52	6	,	,	PUNCT	PUNCT	_	5	punct
aarets-historie	52	7	det	det	PRON	PRON	Case=Acc|Gender=Neut|Number=Sing|Person=3|PronType=Prs	11	nsubj
aarets-historie	52	8	var	være	AUX	AUX	Mood=Ind|Tense=Past|VerbForm=Fin|Voice=Act	11	cop
aarets-historie	52	9	det	den	DET	DET	Gender=Neut|Number=Sing|PronType=Dem	11	det
aarets-historie	52	10	dejlige	dejlig	ADJ	ADJ	Definite=Def|Degree=Pos|Number=Sing	11	amod
aarets-historie	52	11	Forår	forår	NOUN	NOUN	Definite=Ind|Gender=Neut|Number=Sing	5	amod
aarets-historie	52	12	;	;	PUNCT	PUNCT	_	11	punct
aarets-historie	52	13	dog	dog	ADV	ADV	_	15	advmod
aarets-historie	52	14	Piletræerne	piletræerne	NOUN	NOUN	Definite=Def|Gender=Com|Number=Plur	15	nsubj
aarets-historie	52	15	havde	have	VERB	VERB	Mood=Ind|Tense=Past|VerbForm=Fin|Voice=Act	11	advmod
aarets-historie	52	16	Uldvanter	Uldvanter	PROPN	PROPN	_	15	obj
aarets-historie	52	17	om	om	ADP	ADP	AdpType=Prep	19	case
aarets-historie	52	18	sine	sin	DET	DET	Number=Plur|Number[psor]=Sing|Person=3|Poss=Yes|PronType=Prs|Reflex=Yes	19	det
aarets-historie	52	19	Blomster	blomst	NOUN	NOUN	Definite=Ind|Gender=Com|Number=Plur	16	nmod
aarets-historie	52	20	,	,	PUNCT	PUNCT	_	26	punct
aarets-historie	52	21	de	de	PRON	PRON	Case=Nom|Number=Plur|Person=3|PronType=Prs	26	nsubj
aarets-historie	52	22	var	være	AUX	AUX	Mood=Ind|Tense=Past|VerbForm=Fin|Voice=Act	26	cop
aarets-historie	52	23	nu	nu	ADV	ADV	_	25	advmod
aarets-historie	52	24	så	så	ADV	ADV	_	25	advmod
aarets-historie	52	25	gruelig	gruelig	ADV	ADV	Degree=Pos	26	advmod
aarets-historie	52	26	forsigtige	forsigtig	ADJ	ADJ	Degree=Pos|Number=Plur	15	amod
aarets-historie	52	27	,	,	PUNCT	PUNCT	_	31	punct
aarets-historie	52	28	og	og	CCONJ	CCONJ	_	31	cc
aarets-historie	52	29	det	det	PRON	PRON	Case=Acc|Gender=Neut|Number=Sing|Person=3|PronType=Prs	31	nsubj
aarets-historie	52	30	er	være	AUX	AUX	Mood=Ind|Tense=Pres|VerbForm=Fin|Voice=Act	31	cop
aarets-historie	52	31	kedeligt	kedelig	ADJ	ADJ	Definite=Ind|Degree=Pos|Gender=Neut|Number=Sing	11	conj
aarets-historie	52	32	!	!	PUNCT	PUNCT	_	11	punct
aarets-historie	53	0	Og	og	CCONJ	CCONJ	_	2	cc
aarets-historie	53	1	så	så	ADV	ADV	_	2	advmod
aarets-historie	53	2	gik	gå	VERB	VERB	Mood=Ind|Tense=Past|VerbForm=Fin|Voice=Act	2	ROOT
aarets-historie	53	3	Dage	Dag	NOUN	NOUN	Definite=Ind|Gender=Com|Number=Plur	2	nsubj
aarets-historie	53	4	og	og	CCONJ	CCONJ	_	6	cc
aarets-historie	53	5	så	så	ADV	ADV	_	6	advmod
aarets-historie	53	6	gik	gå	VERB	VERB	Mood=Ind|Tense=Past|VerbForm=Fin|Voice=Act	2	conj
aarets-historie	53	7	Uger	Uger	NOUN	NOUN	Definite=Ind|Gender=Com|Number=Plur	6	nsubj
aarets-historie	53	8	,	,	PUNCT	PUNCT	_	9	punct
aarets-historie	53	9	Varmen	varm	NOUN	NOUN	Definite=Def|Gender=Com|Number=Sing	2	conj
aarets-historie	53	10	ligesom	ligesom	ADV	ADV	_	11	mark
aarets-historie	53	11	væltede	vælte	VERB	VERB	Mood=Ind|Tense=Past|VerbForm=Fin|Voice=Act	3	acl:relcl
aarets-historie	53	12	ned	ned	ADV	ADV	_	11	advmod:lmod
aarets-historie	53	13	;	;	PUNCT	PUNCT	_	16	punct
aarets-historie	53	14	hede	he	NOUN	NOUN	Definite=Ind|Gender=Com|Number=Sing	15	nmod
aarets-historie	53	15	Luft-Bølger	Luft-Bølger	PROPN	PROPN	_	16	nsubj
aarets-historie	53	16	gik	gå	VERB	VERB	Mood=Ind|Tense=Past|VerbForm=Fin|Voice=Act	2	conj
aarets-historie	53	17	gennem	gennem	ADP	ADP	AdpType=Prep	18	case
aarets-historie	53	18	Kornet	Kornum	NOUN	NOUN	Definite=Def|Gender=Neut|Number=Sing	16	obl
aarets-historie	53	19	,	,	PUNCT	PUNCT	_	18	punct
aarets-historie	53	20	der	der	PRON	PRON	PartType=Inf	24	nsubj
aarets-historie	53	21	mere	meget	ADJ	ADJ	Definite=Ind|Degree=Cmp|Number=Sing	24	advmod
aarets-historie	53	22	og	og	CCONJ	CCONJ	_	23	cc
aarets-historie	53	23	mere	mere	ADV	ADV	Degree=Cmp	24	advmod
aarets-historie	53	24	gulnede	gulne	VERB	VERB	Number=Plur|Tense=Past|VerbForm=Part	18	acl:relcl
aarets-historie	53	25	.	.	PUNCT	PUNCT	_	2	punct
aarets-historie	54	0	Nordens	Norden	PROPN	PROPN	Case=Gen	2	nmod:poss
aarets-historie	54	1	hvide	hvid	ADJ	ADJ	Definite=Def|Degree=Pos|Number=Sing	2	amod
aarets-historie	54	2	Lothus	Lothus	NOUN	NOUN	Definite=Ind|Gender=Neut|Number=Sing	5	nsubj
aarets-historie	54	3	på	på	ADP	ADP	AdpType=Prep	4	case
aarets-historie	54	4	Skovsøerne	Skovsøer	NOUN	NOUN	Definite=Def|Gender=Com|Number=Plur	2	nmod
aarets-historie	54	5	spredte	sprede	VERB	VERB	Mood=Ind|Tense=Past|VerbForm=Fin|Voice=Act	15	xcomp
aarets-historie	54	6	sine	sin	DET	DET	Number=Plur|Number[psor]=Sing|Person=3|Poss=Yes|PronType=Prs|Reflex=Yes	9	det
aarets-historie	54	7	store	stor	ADJ	ADJ	Degree=Pos|Number=Plur	9	amod
aarets-historie	54	8	grønne	grøn	ADJ	ADJ	Degree=Pos|Number=Plur	9	amod
aarets-historie	54	9	Blade	blad	NOUN	NOUN	Definite=Ind|Gender=Neut|Number=Plur	5	obj
aarets-historie	54	10	ud	ud	ADV	ADV	_	5	advmod:lmod
aarets-historie	54	11	over	over	ADP	ADP	AdpType=Prep	12	case
aarets-historie	54	12	Vandspejlet	Vandspejlet	NOUN	NOUN	Definite=Def|Gender=Neut|Number=Sing	10	obl
aarets-historie	54	13	og	og	CCONJ	CCONJ	_	14	cc
aarets-historie	54	14	Fiskene	Fisk	NOUN	NOUN	Definite=Def|Gender=Neut|Number=Plur	12	conj
aarets-historie	54	15	søgte	søge	VERB	VERB	Mood=Ind|Tense=Past|VerbForm=Fin|Voice=Act	51	xcomp
aarets-historie	54	16	Skygge	Skygge	NOUN	NOUN	Definite=Def|Gender=Com|Number=Sing	15	nsubj
aarets-historie	54	17	under	under	ADP	ADP	AdpType=Prep	18	case
aarets-historie	54	18	dem	de	PRON	PRON	Case=Acc|Number=Plur|Person=3|PronType=Prs	15	obl
aarets-historie	54	19	;	;	PUNCT	PUNCT	_	15	punct
aarets-historie	54	20	og	og	CCONJ	CCONJ	_	15	cc
aarets-historie	54	21	på	på	ADP	ADP	AdpType=Prep	23	case
aarets-historie	54	22	Skovens	skov	NOUN	NOUN	Case=Gen|Definite=Def|Gender=Com|Number=Sing	23	nmod:poss
aarets-historie	54	23	Læ-Side	læ-Side	NOUN	NOUN	Definite=Ind|Gender=Com|Number=Sing	15	obl
aarets-historie	54	24	,	,	PUNCT	PUNCT	_	23	punct
aarets-historie	54	25	hvor	hvor	ADV	ADV	_	27	advmod
aarets-historie	54	26	Solen	sol	NOUN	NOUN	Definite=Def|Gender=Com|Number=Sing	27	nsubj
aarets-historie	54	27	brændte	brænde	VERB	VERB	Mood=Ind|Tense=Past|VerbForm=Fin|Voice=Act	23	acl:relcl
aarets-historie	54	28	på	på	ADP	ADP	AdpType=Prep	29	case
aarets-historie	54	29	Bondehusets	Bondehusets	NOUN	NOUN	Case=Gen|Definite=Def|Gender=Neut|Number=Sing	27	obl
aarets-historie	54	30	Væg	Væg	NOUN	NOUN	Definite=Ind|Gender=Com|Number=Sing	29	nmod:poss
aarets-historie	54	31	og	og	CCONJ	CCONJ	_	32	cc
aarets-historie	54	32	ordentlig	ordentlig	ADV	ADV	Degree=Pos	30	conj
aarets-historie	54	33	gennemvarmede	gennemvarmede	ADJ	ADJ	Degree=Pos|Number=Plur	27	advmod
aarets-historie	54	34	de	den	DET	DET	Number=Plur|PronType=Dem	36	det
aarets-historie	54	35	udsprungne	udsprungen	ADJ	ADJ	Degree=Pos|Number=Plur	36	amod
aarets-historie	54	36	Roser	Rose	NOUN	NOUN	Definite=Ind|Gender=Com|Number=Plur	27	obj
aarets-historie	54	37	,	,	PUNCT	PUNCT	_	40	punct
aarets-historie	54	38	og	og	CCONJ	CCONJ	_	40	cc
aarets-historie	54	39	Kirsebærtræerne	kirsebærtræ	NOUN	NOUN	Definite=Def|Gender=Com|Number=Plur	40	nsubj
aarets-historie	54	40	hang	hang	VERB	VERB	Mood=Ind|Tense=Past|VerbForm=Fin|Voice=Act	27	conj
aarets-historie	54	41	fulde	fuld	ADJ	ADJ	Definite=Def|Degree=Pos|Number=Sing	40	advmod
aarets-historie	54	42	med	med	ADP	ADP	AdpType=Prep	49	case
aarets-historie	54	43	saftige	saftig	ADJ	ADJ	Degree=Pos|Number=Plur	49	amod
aarets-historie	54	44	,	,	PUNCT	PUNCT	_	45	punct
aarets-historie	54	45	sorte	sort	ADJ	ADJ	Degree=Pos|Number=Plur	43	conj
aarets-historie	54	46	,	,	PUNCT	PUNCT	_	48	punct
aarets-historie	54	47	næsten	næsten	ADV	ADV	_	48	advmod
aarets-historie	54	48	solhede	solhet	NOUN	NOUN	Definite=Ind|Gender=Neut|Number=Sing	43	conj
aarets-historie	54	49	Bær	bær	PROPN	PROPN	_	41	obl
aarets-historie	54	50	,	,	PUNCT	PUNCT	_	40	punct
aarets-historie	54	51	sad	sidde	VERB	VERB	Mood=Ind|Tense=Past|VerbForm=Fin|Voice=Act	107	ccomp
aarets-historie	54	52	Sommerens	Sommeren	NOUN	NOUN	Case=Gen|Definite=Def|Gender=Com|Number=Sing	54	nmod:poss
aarets-historie	54	53	dejlige	dejlig	ADJ	ADJ	Definite=Def|Degree=Pos|Number=Sing	54	amod
aarets-historie	54	54	Qvinde	Qvinde	NOUN	NOUN	Definite=Ind|Gender=Com|Number=Sing	51	nsubj
aarets-historie	54	55	,	,	PUNCT	PUNCT	_	51	punct
aarets-historie	54	56	hende	hun	PRON	PRON	Case=Acc|Gender=Com|Number=Sing|Person=3|PronType=Prs	51	iobj
aarets-historie	54	57	vi	vi	PRON	PRON	Case=Nom|Gender=Com|Number=Plur|Person=1|PronType=Prs	51	nsubj
aarets-historie	54	58	såe	såe	NOUN	NOUN	Definite=Ind|Gender=Neut|Number=Sing	51	xcomp
aarets-historie	54	59	som	som	ADP	ADP	PartType=Inf	60	case
aarets-historie	54	60	Barn	Barn	NOUN	NOUN	Definite=Ind|Gender=Neut|Number=Sing	58	obl
aarets-historie	54	61	og	og	CCONJ	CCONJ	_	63	cc
aarets-historie	54	62	som	som	ADP	ADP	PartType=Inf	63	case
aarets-historie	54	63	Brud	Brud	NOUN	NOUN	Definite=Ind|Gender=Neut|Number=Sing	60	conj
aarets-historie	54	64	;	;	PUNCT	PUNCT	_	67	punct
aarets-historie	54	65	og	og	CCONJ	CCONJ	_	67	cc
aarets-historie	54	66	hun	hun	PRON	PRON	Case=Nom|Gender=Com|Number=Sing|Person=3|PronType=Prs	67	nsubj
aarets-historie	54	67	såe	såe	ADJ	ADJ	Degree=Pos	51	conj
aarets-historie	54	68	mod	mod	ADP	ADP	AdpType=Prep	72	case
aarets-historie	54	69	de	den	DET	DET	Number=Plur|PronType=Dem	72	det
aarets-historie	54	70	stigende	stige	VERB	VERB	Tense=Pres|VerbForm=Part	72	amod
aarets-historie	54	71	mørke	mørke	ADJ	ADJ	Degree=Pos|Number=Plur	72	amod
aarets-historie	54	72	Skyer	skyer	NOUN	NOUN	Definite=Ind|Gender=Com|Number=Plur	67	obl
aarets-historie	54	73	,	,	PUNCT	PUNCT	_	72	punct
aarets-historie	54	74	der	der	PRON	PRON	PartType=Inf	85	nsubj
aarets-historie	54	75	i	i	ADP	ADP	AdpType=Prep	76	case
aarets-historie	54	76	Bølgeformer	Bølgeformer	PROPN	PROPN	_	85	obl
aarets-historie	54	77	,	,	PUNCT	PUNCT	_	76	punct
aarets-historie	54	78	som	som	PRON	PRON	PartType=Inf	79	dep
aarets-historie	54	79	Bjerge	bjerge	NOUN	NOUN	Definite=Ind|Gender=Neut|Number=Plur	76	appos
aarets-historie	54	80	,	,	PUNCT	PUNCT	_	81	punct
aarets-historie	54	81	sortblå	sortblå	ADJ	ADJ	Definite=Ind|Degree=Pos|Gender=Com|Number=Sing	79	conj
aarets-historie	54	82	og	og	CCONJ	CCONJ	_	83	cc
aarets-historie	54	83	tunge	tung	ADJ	ADJ	Degree=Pos|Number=Plur	79	conj
aarets-historie	54	84	,	,	PUNCT	PUNCT	_	79	punct
aarets-historie	54	85	løftede	løfte	VERB	VERB	Mood=Ind|Tense=Past|VerbForm=Fin|Voice=Act	72	acl:relcl
aarets-historie	54	86	sig	sig	PRON	PRON	Case=Acc|Person=3|PronType=Prs|Reflex=Yes	85	obj
aarets-historie	54	87	højere	høj	ADJ	ADJ	Degree=Cmp	85	advmod
aarets-historie	54	88	og	og	CCONJ	CCONJ	_	89	cc
aarets-historie	54	89	højere	høj	ADJ	ADJ	Degree=Cmp	87	conj
aarets-historie	54	90	;	;	PUNCT	PUNCT	_	85	punct
aarets-historie	54	91	fra	fra	ADP	ADP	AdpType=Prep	93	case
aarets-historie	54	92	tre	tre	NUM	NUM	NumType=Card	93	nummod
aarets-historie	54	93	Sider	Sider	NOUN	NOUN	Definite=Ind|Gender=Com|Number=Plur	94	obl
aarets-historie	54	94	kom	komme	VERB	VERB	Mood=Ind|Tense=Past|VerbForm=Fin|Voice=Act	85	ccomp
aarets-historie	54	95	de	de	PRON	PRON	Case=Nom|Number=Plur|Person=3|PronType=Prs	94	nsubj
aarets-historie	54	96	;	;	PUNCT	PUNCT	_	97	punct
aarets-historie	54	97	mer	mer	ADJ	ADJ	Definite=Ind|Degree=Cmp|Number=Sing	94	conj
aarets-historie	54	98	og	og	CCONJ	CCONJ	_	99	cc
aarets-historie	54	99	mer	mere	VERB	VERB	Mood=Imp	97	conj
aarets-historie	54	100	,	,	PUNCT	PUNCT	_	94	punct
aarets-historie	54	101	som	som	ADP	ADP	PartType=Inf	105	case
aarets-historie	54	102	et	en	DET	DET	Gender=Neut|Number=Sing|PronType=Ind	103	det
aarets-historie	54	103	forstenet	forstene	VERB	VERB	Definite=Ind|Number=Sing|Tense=Past|VerbForm=Part	105	nsubj
aarets-historie	54	104	omvendt	omvendt	ADJ	ADJ	Definite=Ind|Degree=Pos|Number=Sing	105	amod
aarets-historie	54	105	Hav	hav	NOUN	NOUN	Definite=Ind|Gender=Neut|Number=Sing	94	obl
aarets-historie	54	106	,	,	PUNCT	PUNCT	_	94	punct
aarets-historie	54	107	sænkede	sænke	VERB	VERB	Mood=Ind|Tense=Past|VerbForm=Fin|Voice=Act	107	ROOT
aarets-historie	54	108	de	de	PRON	PRON	Case=Nom|Number=Plur|Person=3|PronType=Prs	107	nsubj
aarets-historie	54	109	sig	sig	PRON	PRON	Case=Acc|Person=3|PronType=Prs|Reflex=Yes	107	obj
aarets-historie	54	110	mod	mod	ADP	ADP	AdpType=Prep	111	case
aarets-historie	54	111	Skoven	skov	NOUN	NOUN	Definite=Def|Gender=Com|Number=Sing	107	obl
aarets-historie	54	112	,	,	PUNCT	PUNCT	_	111	punct
aarets-historie	54	113	hvor	hvor	ADV	ADV	_	114	advmod
aarets-historie	54	114	Alt	al	ADJ	ADJ	Degree=Pos|Gender=Neut|Number=Sing	111	acl:relcl
aarets-historie	54	115	,	,	PUNCT	PUNCT	_	114	punct
aarets-historie	54	116	som	som	ADP	ADP	PartType=Inf	122	nsubj
aarets-historie	54	117	ved	ved	ADP	ADP	AdpType=Prep	119	case
aarets-historie	54	118	en	en	DET	DET	Gender=Com|Number=Sing|PronType=Ind	119	det
aarets-historie	54	119	Trolddom	Trolddom	NOUN	NOUN	Definite=Ind|Gender=Com|Number=Sing	122	nmod
aarets-historie	54	120	,	,	PUNCT	PUNCT	_	119	punct
aarets-historie	54	121	var	være	AUX	AUX	Mood=Ind|Tense=Past|VerbForm=Fin|Voice=Act	122	cop
aarets-historie	54	122	taust	taust	PROPN	PROPN	_	114	acl:relcl
aarets-historie	54	123	;	;	PUNCT	PUNCT	_	127	punct
aarets-historie	54	124	hver	hver	PRON	PRON	Gender=Com|Number=Sing|PronType=Ind	125	mark
aarets-historie	54	125	Luftning	Luftning	NOUN	NOUN	Definite=Ind|Gender=Com|Number=Sing	127	nsubj
aarets-historie	54	126	havde	have	AUX	AUX	Mood=Ind|Tense=Past|VerbForm=Fin|Voice=Act	127	aux
aarets-historie	54	127	lagt	lægge	VERB	VERB	Definite=Ind|Number=Sing|Tense=Past|VerbForm=Part	122	conj
aarets-historie	54	128	sig	sig	PRON	PRON	Case=Acc|Person=3|PronType=Prs|Reflex=Yes	127	iobj
aarets-historie	54	129	,	,	PUNCT	PUNCT	_	127	punct
aarets-historie	54	130	hver	hver	PRON	PRON	Gender=Com|Number=Sing|PronType=Ind	137	mark
aarets-historie	54	131	Fugl	Fugl	PROPN	PROPN	_	130	punct
aarets-historie	54	132	taug	taug	AUX	AUX	Mood=Ind|Tense=Past|VerbForm=Fin|Voice=Act	131	flat
aarets-historie	54	133	,	,	PUNCT	PUNCT	_	137	punct
aarets-historie	54	134	der	der	ADV	ADV	PartType=Inf	137	nsubj
aarets-historie	54	135	var	være	AUX	AUX	Mood=Ind|Tense=Past|VerbForm=Fin|Voice=Act	137	cop
aarets-historie	54	136	en	en	DET	DET	Gender=Com|Number=Sing|PronType=Ind	137	det
aarets-historie	54	137	Alvor	Alvor	NOUN	NOUN	Definite=Ind|Gender=Com|Number=Sing	127	dep
aarets-historie	54	138	,	,	PUNCT	PUNCT	_	137	punct
aarets-historie	54	139	en	en	DET	DET	Gender=Com|Number=Sing|PronType=Ind	140	det
aarets-historie	54	140	Forventning	forventning	NOUN	NOUN	Definite=Ind|Gender=Com|Number=Sing	137	appos
aarets-historie	54	141	i	i	ADP	ADP	AdpType=Prep	143	case
aarets-historie	54	142	hele	hel	ADJ	ADJ	Definite=Def|Degree=Pos|Number=Sing	143	amod
aarets-historie	54	143	Naturen	Naturen	NOUN	NOUN	Definite=Def|Gender=Com|Number=Sing	140	nmod
aarets-historie	54	144	;	;	PUNCT	PUNCT	_	150	punct
aarets-historie	54	145	men	men	CCONJ	CCONJ	_	150	cc
aarets-historie	54	146	på	på	ADP	ADP	AdpType=Prep	147	case
aarets-historie	54	147	Veje	veje	PROPN	PROPN	_	150	obl
aarets-historie	54	148	og	og	CCONJ	CCONJ	_	149	cc
aarets-historie	54	149	Stier	stier	NOUN	NOUN	Definite=Ind|Gender=Neut|Number=Plur	147	conj
aarets-historie	54	150	skyndte	skynde	VERB	VERB	Mood=Ind|Tense=Past|VerbForm=Fin|Voice=Act	127	conj
aarets-historie	54	151	sig	sig	PRON	PRON	Case=Acc|Person=3|PronType=Prs|Reflex=Yes	150	obj
aarets-historie	54	152	afsted	afsted	ADV	ADV	_	150	advmod:lmod
aarets-historie	54	153	Kørende	Kørende	VERB	VERB	Tense=Pres|VerbForm=Part	150	obj
aarets-historie	54	154	,	,	PUNCT	PUNCT	_	153	punct
aarets-historie	54	155	Ridende	Ridende	VERB	VERB	Definite=Ind|Number=Sing|Tense=Past|VerbForm=Part	153	acl:relcl
aarets-historie	54	156	og	og	CCONJ	CCONJ	_	157	cc
aarets-historie	54	157	Gående	Gå	VERB	VERB	Tense=Pres|VerbForm=Part	155	conj
aarets-historie	54	158	,	,	PUNCT	PUNCT	_	155	punct
aarets-historie	54	159	for	for	ADP	ADP	AdpType=Prep	161	mark
aarets-historie	54	160	at	at	PART	PART	PartType=Inf	161	mark
aarets-historie	54	161	komme	komme	VERB	VERB	VerbForm=Inf|Voice=Act	150	advcl
aarets-historie	54	162	under	under	ADP	ADP	AdpType=Prep	163	case
aarets-historie	54	163	Tag	Tag	NOUN	NOUN	Definite=Ind|Gender=Neut|Number=Plur	161	obl
aarets-historie	54	164	.	.	PUNCT	PUNCT	_	107	punct
aarets-historie	55	0	–	–	PUNCT	PUNCT	_	0	ROOT
aarets-historie	55	1	"
"	"
"	SPACE	SPACE	_	0	dep
aarets-historie	55	2	Da	da	ADV	ADV	_	3	advmod
aarets-historie	55	3	lyste	lyse	VERB	VERB	Mood=Ind|Tense=Past|VerbForm=Fin|Voice=Act	3	ROOT
aarets-historie	55	4	det	det	PRON	PRON	Case=Acc|Gender=Neut|Number=Sing|Person=3|PronType=Prs	3	nsubj
aarets-historie	55	5	med	med	ADP	ADP	AdpType=Prep	6	case
aarets-historie	55	6	et	en	PRON	PRON	Gender=Neut|Number=Sing|PronType=Ind	3	obl
aarets-historie	55	7	,	,	PUNCT	PUNCT	_	6	punct
aarets-historie	55	8	som	som	ADV	ADV	_	11	mark
aarets-historie	55	9	om	om	ADP	ADP	AdpType=Prep	8	fixed
aarets-historie	55	10	Solen	sol	NOUN	NOUN	Definite=Def|Gender=Com|Number=Sing	11	nsubj
aarets-historie	55	11	brød	bryde	VERB	VERB	Mood=Ind|Tense=Past|VerbForm=Fin|Voice=Act	6	acl:relcl
aarets-historie	55	12	frem	frem	ADV	ADV	_	11	advmod:lmod
aarets-historie	55	13	,	,	PUNCT	PUNCT	_	11	punct
aarets-historie	55	14	blinkende	blinkend	VERB	VERB	Tense=Pres|VerbForm=Part	11	conj
aarets-historie	55	15	,	,	PUNCT	PUNCT	_	16	punct
aarets-historie	55	16	blændende	blænde	VERB	VERB	Tense=Pres|VerbForm=Part	11	conj
aarets-historie	55	17	,	,	PUNCT	PUNCT	_	11	punct
aarets-historie	55	18	Alt	Al	ADJ	ADJ	Degree=Pos|Gender=Neut|Number=Sing	19	amod
aarets-historie	55	19	opbrændende	opbrænde	VERB	VERB	Tense=Pres|VerbForm=Part	11	obj
aarets-historie	55	20	,	,	PUNCT	PUNCT	_	23	punct
aarets-historie	55	21	og	og	CCONJ	CCONJ	_	23	cc
aarets-historie	55	22	der	der	ADV	ADV	PartType=Inf	23	expl
aarets-historie	55	23	blev	blive	VERB	VERB	Mood=Ind|Tense=Past|VerbForm=Fin|Voice=Act	11	conj
aarets-historie	55	24	Mulm	Mulm	PROPN	PROPN	_	23	obj
aarets-historie	55	25	igen	igen	ADV	ADV	_	23	advmod
aarets-historie	55	26	i	i	ADP	ADP	AdpType=Prep	29	case
aarets-historie	55	27	et	en	DET	DET	Gender=Neut|Number=Sing|PronType=Ind	29	det
aarets-historie	55	28	rullende	rulle	VERB	VERB	Tense=Pres|VerbForm=Part	29	nmod
aarets-historie	55	29	Brag	brag	NOUN	NOUN	Definite=Ind|Gender=Neut|Number=Sing	23	obl
aarets-historie	55	30	;	;	PUNCT	PUNCT	_	32	punct
aarets-historie	55	31	Vandet	Vandet	NOUN	NOUN	Definite=Def|Gender=Neut|Number=Sing	32	nsubj
aarets-historie	55	32	styrtede	styrte	VERB	VERB	Mood=Ind|Tense=Past|VerbForm=Fin|Voice=Act	23	conj
aarets-historie	55	33	i	i	ADP	ADP	AdpType=Prep	34	case
aarets-historie	55	34	Strømme	Strøm	NOUN	NOUN	Definite=Ind|Gender=Com|Number=Sing	32	obl
aarets-historie	55	35	ned	ned	ADV	ADV	_	32	advmod:lmod
aarets-historie	55	36	;	;	PUNCT	PUNCT	_	39	punct
aarets-historie	55	37	det	det	PRON	PRON	Case=Acc|Gender=Neut|Number=Sing|Person=3|PronType=Prs	39	nsubj
aarets-historie	55	38	blev	blive	AUX	AUX	Mood=Ind|Tense=Past|VerbForm=Fin|Voice=Act	39	cop
aarets-historie	55	39	Nat	Nat	PROPN	PROPN	_	23	conj
aarets-historie	55	40	og	og	CCONJ	CCONJ	_	43	cc
aarets-historie	55	41	det	det	PRON	PRON	Case=Acc|Gender=Neut|Number=Sing|Person=3|PronType=Prs	43	nsubj
aarets-historie	55	42	blev	blive	AUX	AUX	Mood=Ind|Tense=Past|VerbForm=Fin|Voice=Act	43	cop
aarets-historie	55	43	Lys	Lys	ADJ	ADJ	Definite=Ind|Degree=Pos|Gender=Com|Number=Sing	39	conj
aarets-historie	55	44	,	,	PUNCT	PUNCT	_	43	punct
aarets-historie	55	45	det	det	PRON	PRON	Case=Acc|Gender=Neut|Number=Sing|Person=3|PronType=Prs	47	nsubj
aarets-historie	55	46	blev	blive	AUX	AUX	Mood=Ind|Tense=Past|VerbForm=Fin|Voice=Act	47	cop
aarets-historie	55	47	Stilhed	stilhed	NOUN	NOUN	Definite=Ind|Gender=Com|Number=Sing	39	conj
aarets-historie	55	48	og	og	CCONJ	CCONJ	_	49	cc
aarets-historie	55	49	det	det	PRON	PRON	Case=Acc|Gender=Neut|Number=Sing|Person=3|PronType=Prs	47	conj
aarets-historie	55	50	blev	blive	AUX	AUX	Mood=Ind|Tense=Past|VerbForm=Fin|Voice=Act	51	cop
aarets-historie	55	51	Bulder	Bulder	NOUN	NOUN	Definite=Ind|Gender=Com|Number=Sing	23	ccomp
aarets-historie	55	52	.	.	PUNCT	PUNCT	_	3	punct
aarets-historie	56	0	De	den	DET	DET	Number=Plur|PronType=Dem	1	det
aarets-historie	56	1	unge	ung	ADJ	ADJ	Degree=Pos|Number=Plur	2	amod
aarets-historie	56	2	brunfjedrede	brunfjedre	VERB	VERB	Number=Plur|Tense=Past|VerbForm=Part	3	nsubj
aarets-historie	56	3	Rør	røre	VERB	VERB	Mood=Imp	6	nsubj
aarets-historie	56	4	i	i	ADP	ADP	AdpType=Prep	5	case
aarets-historie	56	5	Mosen	Mosen	NOUN	NOUN	Definite=Def|Gender=Com|Number=Sing	3	obl
aarets-historie	56	6	bevægede	bevæge	VERB	VERB	Mood=Ind|Tense=Past|VerbForm=Fin|Voice=Act	6	ROOT
aarets-historie	56	7	sig	sig	PRON	PRON	Case=Acc|Person=3|PronType=Prs|Reflex=Yes	6	obj
aarets-historie	56	8	i	i	ADP	ADP	AdpType=Prep	10	case
aarets-historie	56	9	lange	lang	ADJ	ADJ	Degree=Pos|Number=Plur	10	amod
aarets-historie	56	10	Bølger	bølg	NOUN	NOUN	Definite=Ind|Gender=Com|Number=Plur	6	obl
aarets-historie	56	11	,	,	PUNCT	PUNCT	_	10	punct
aarets-historie	56	12	Skovens	skov	PROPN	PROPN	Case=Gen	13	nmod:poss
aarets-historie	56	13	Grene	Grene	NOUN	NOUN	Definite=Def|Number=Plur	14	nsubj
aarets-historie	56	14	skjultes	skjulte	VERB	VERB	Mood=Ind|Tense=Pres|VerbForm=Fin|Voice=Pass	10	amod
aarets-historie	56	15	i	i	ADP	ADP	AdpType=Prep	16	case
aarets-historie	56	16	Vandtåger	Vandtåger	PROPN	PROPN	_	14	obl
aarets-historie	56	17	,	,	PUNCT	PUNCT	_	14	punct
aarets-historie	56	18	Mørket	Mørke	NOUN	NOUN	Definite=Def|Gender=Neut|Number=Sing	19	nsubj
aarets-historie	56	19	kom	komme	VERB	VERB	Mood=Ind|Tense=Past|VerbForm=Fin|Voice=Act	14	dep
aarets-historie	56	20	og	og	CCONJ	CCONJ	_	21	cc
aarets-historie	56	21	Lyset	Lyset	NOUN	NOUN	Definite=Def|Gender=Neut|Number=Sing	22	nsubj
aarets-historie	56	22	kom	komme	VERB	VERB	Mood=Ind|Tense=Past|VerbForm=Fin|Voice=Act	19	advcl
aarets-historie	56	23	,	,	PUNCT	PUNCT	_	24	punct
aarets-historie	56	24	Stilhed	Stilhed	NOUN	NOUN	Definite=Ind|Gender=Com|Number=Sing	22	conj
aarets-historie	56	25	og	og	CCONJ	CCONJ	_	26	cc
aarets-historie	56	26	Bulder	bulder	NOUN	NOUN	Definite=Ind|Gender=Com|Number=Sing	22	conj
aarets-historie	56	27	.	.	PUNCT	PUNCT	_	6	punct
aarets-historie	57	0	–	–	PUNCT	PUNCT	_	0	ROOT
aarets-historie	57	1	"
"	"
"	SPACE	SPACE	_	0	dep
aarets-historie	57	2	Græs	græs	NOUN	NOUN	Definite=Ind|Gender=Neut|Number=Sing	0	dep
aarets-historie	57	3	og	og	CCONJ	CCONJ	_	4	cc
aarets-historie	57	4	Korn	korn	NOUN	NOUN	Definite=Ind|Gender=Neut|Number=Plur	0	conj
aarets-historie	57	5	låe	låe	NOUN	NOUN	Definite=Ind|Gender=Com|Number=Sing	4	nmod
aarets-historie	57	6	som	som	ADP	ADP	PartType=Inf	7	mark
aarets-historie	57	7	slået	slå	VERB	VERB	Definite=Ind|Number=Sing|Tense=Past|VerbForm=Part	4	acl:relcl
aarets-historie	57	8	ned	ned	ADV	ADV	_	7	advmod:lmod
aarets-historie	57	9	,	,	PUNCT	PUNCT	_	7	punct
aarets-historie	57	10	som	som	PRON	PRON	PartType=Inf	11	nsubj
aarets-historie	57	11	skyllet	skylle	VERB	VERB	Definite=Ind|Number=Sing|Tense=Past|VerbForm=Part	7	advcl
aarets-historie	57	12	hen	hen	ADV	ADV	_	11	advmod
aarets-historie	57	13	,	,	PUNCT	PUNCT	_	11	punct
aarets-historie	57	14	som	som	PRON	PRON	PartType=Inf	15	nsubj
aarets-historie	57	15	skulde	skulde	NOUN	NOUN	Definite=Ind|Gender=Neut|Number=Sing	11	dep
aarets-historie	57	16	det	det	PRON	PRON	Case=Acc|Gender=Neut|Number=Sing|Person=3|PronType=Prs	15	obj
aarets-historie	57	17	aldrig	aldrig	ADV	ADV	_	15	advmod
aarets-historie	57	18	rejse	rejse	VERB	VERB	VerbForm=Inf|Voice=Act	15	xcomp
aarets-historie	57	19	sig	sig	PRON	PRON	Case=Acc|Person=3|PronType=Prs|Reflex=Yes	18	obj
aarets-historie	57	20	.	.	PUNCT	PUNCT	_	0	punct
aarets-historie	58	0	–	–	PUNCT	PUNCT	_	27	nsubj
aarets-historie	58	1	"
"	"
"	SPACE	SPACE	_	0	dep
aarets-historie	58	2	Pludselig	pludselig	ADV	ADV	_	27	advmod
aarets-historie	58	3	blev	blive	AUX	AUX	Mood=Ind|Tense=Past|VerbForm=Fin|Voice=Act	27	aux
aarets-historie	58	4	Regnen	Regnen	NOUN	NOUN	Definite=Def|Gender=Com|Number=Sing	3	nsubj
aarets-historie	58	5	til	til	ADP	ADP	AdpType=Prep	7	case
aarets-historie	58	6	enkelte	enkelt	ADJ	ADJ	Degree=Pos|Number=Plur	7	amod
aarets-historie	58	7	Dråber	Dråber	NOUN	NOUN	Definite=Ind|Gender=Com|Number=Plur	4	nmod
aarets-historie	58	8	,	,	PUNCT	PUNCT	_	4	punct
aarets-historie	58	9	Solen	sol	NOUN	NOUN	Definite=Def|Gender=Com|Number=Sing	10	nsubj
aarets-historie	58	10	skinnede	skinne	VERB	VERB	Mood=Ind|Tense=Past|VerbForm=Fin|Voice=Act	4	acl:relcl
aarets-historie	58	11	,	,	PUNCT	PUNCT	_	18	punct
aarets-historie	58	12	og	og	CCONJ	CCONJ	_	18	cc
aarets-historie	58	13	fra	fra	ADP	ADP	AdpType=Prep	14	case
aarets-historie	58	14	Strå	strå	NOUN	NOUN	Definite=Ind|Gender=Com|Number=Sing	18	obl
aarets-historie	58	15	og	og	CCONJ	CCONJ	_	17	cc
aarets-historie	58	16	fra	fra	ADP	ADP	AdpType=Prep	17	case
aarets-historie	58	17	Blad	Blad	NOUN	NOUN	Definite=Ind|Gender=Neut|Number=Sing	14	conj
aarets-historie	58	18	blinkede	blinke	VERB	VERB	Mood=Ind|Tense=Past|VerbForm=Fin|Voice=Act	10	conj
aarets-historie	58	19	Vanddråberne	Vanddråberne	NOUN	NOUN	Definite=Def|Gender=Com|Number=Plur	18	obj
aarets-historie	58	20	som	som	ADP	ADP	PartType=Inf	21	case
aarets-historie	58	21	Perler	perler	NOUN	NOUN	Definite=Ind|Gender=Neut|Number=Plur	18	obl
aarets-historie	58	22	,	,	PUNCT	PUNCT	_	23	punct
aarets-historie	58	23	Fuglene	Fuglene	PROPN	PROPN	_	4	conj
aarets-historie	58	24	sang	sang	NOUN	NOUN	Definite=Ind|Gender=Com|Number=Sing	4	nmod
aarets-historie	58	25	,	,	PUNCT	PUNCT	_	4	punct
aarets-historie	58	26	Fiskene	Fisk	NOUN	NOUN	Definite=Def|Gender=Neut|Number=Plur	27	nsubj
aarets-historie	58	27	sloge	sloge	VERB	VERB	Mood=Ind|Tense=Past|VerbForm=Fin|Voice=Act	27	ROOT
aarets-historie	58	28	op	op	ADV	ADV	_	27	advmod
aarets-historie	58	29	fra	fra	ADP	ADP	AdpType=Prep	30	case
aarets-historie	58	30	Å-Vandet	Å-Vand	NOUN	NOUN	Definite=Def|Gender=Neut|Number=Sing	28	obl
aarets-historie	58	31	,	,	PUNCT	PUNCT	_	30	punct
aarets-historie	58	32	Myggene	Myggene	NOUN	NOUN	Definite=Def|Gender=Com|Number=Plur	33	nsubj
aarets-historie	58	33	dansede	danse	VERB	VERB	Mood=Ind|Tense=Past|VerbForm=Fin|Voice=Act	30	appos
aarets-historie	58	34	,	,	PUNCT	PUNCT	_	36	punct
aarets-historie	58	35	og	og	CCONJ	CCONJ	_	36	cc
aarets-historie	58	36	ude	ude	ADV	ADV	_	27	conj
aarets-historie	58	37	på	på	ADP	ADP	AdpType=Prep	38	case
aarets-historie	58	38	Stenen	sten	NOUN	NOUN	Definite=Def|Gender=Com|Number=Sing	36	obl
aarets-historie	58	39	i	i	ADP	ADP	AdpType=Prep	41	case
aarets-historie	58	40	det	den	DET	DET	Gender=Neut|Number=Sing|PronType=Dem	41	det
aarets-historie	58	41	salte	salt	ADJ	ADJ	Definite=Def|Degree=Pos|Number=Sing	36	obl
aarets-historie	58	42	piskede	piske	VERB	VERB	Mood=Ind|Tense=Past|VerbForm=Fin|Voice=Act	27	conj
aarets-historie	58	43	Havvand	Havvand	PROPN	PROPN	_	27	advmod
aarets-historie	58	44	sad	sidde	VERB	VERB	Mood=Ind|Tense=Past|VerbForm=Fin|Voice=Act	27	conj
aarets-historie	58	45	Sommeren	sommer	NOUN	NOUN	Definite=Def|Gender=Com|Number=Sing	44	nsubj
aarets-historie	58	46	selv	selv	PRON	PRON	PronType=Dem	45	nmod
aarets-historie	58	47	,	,	PUNCT	PUNCT	_	44	punct
aarets-historie	58	48	den	den	DET	DET	Gender=Com|Number=Sing|PronType=Dem	50	det
aarets-historie	58	49	kraftige	kraftig	ADJ	ADJ	Definite=Def|Degree=Pos|Number=Sing	50	amod
aarets-historie	58	50	Mand	mand	NOUN	NOUN	Definite=Ind|Gender=Com|Number=Sing	44	obl
aarets-historie	58	51	,	,	PUNCT	PUNCT	_	50	punct
aarets-historie	58	52	med	med	ADP	ADP	AdpType=Prep	55	case
aarets-historie	58	53	de	den	DET	DET	Number=Plur|PronType=Dem	55	det
aarets-historie	58	54	fyldige	fyldig	ADJ	ADJ	Degree=Pos|Number=Plur	55	amod
aarets-historie	58	55	Lemmer	lemmer	NOUN	NOUN	Definite=Ind|Gender=Neut|Number=Plur	50	nmod
aarets-historie	58	56	,	,	PUNCT	PUNCT	_	55	punct
aarets-historie	58	57	med	med	ADP	ADP	AdpType=Prep	58	case
aarets-historie	58	58	drivvådt	drivvådt	PROPN	PROPN	_	55	nmod
aarets-historie	58	59	Hår	hår	NOUN	NOUN	Definite=Ind|Gender=Neut|Number=Sing	58	flat
aarets-historie	58	60	,	,	PUNCT	PUNCT	_	62	punct
aarets-historie	58	61	–	–	CCONJ	CCONJ	_	62	advmod
aarets-historie	58	62	forynget	forynge	VERB	VERB	Definite=Ind|Number=Sing|Tense=Past|VerbForm=Part	44	conj
aarets-historie	58	63	af	af	ADP	ADP	AdpType=Prep	66	case
aarets-historie	58	64	det	den	DET	DET	Gender=Neut|Number=Sing|PronType=Dem	66	det
aarets-historie	58	65	friske	frisk	ADJ	ADJ	Definite=Def|Degree=Pos|Number=Sing	66	amod
aarets-historie	58	66	Bad	Bad	NOUN	NOUN	Definite=Ind|Gender=Com|Number=Sing	62	obl
aarets-historie	58	67	,	,	PUNCT	PUNCT	_	62	punct
aarets-historie	58	68	sad	sidde	VERB	VERB	Mood=Ind|Tense=Past|VerbForm=Fin|Voice=Act	27	conj
aarets-historie	58	69	han	han	PRON	PRON	Case=Nom|Gender=Com|Number=Sing|Person=3|PronType=Prs	68	nsubj
aarets-historie	58	70	i	i	ADP	ADP	AdpType=Prep	73	case
aarets-historie	58	71	det	den	DET	DET	Gender=Neut|Number=Sing|PronType=Dem	73	det
aarets-historie	58	72	varme	varm	ADJ	ADJ	Definite=Def|Degree=Pos|Number=Sing	73	amod
aarets-historie	58	73	Solskin	Solskin	NOUN	NOUN	Definite=Ind|Gender=Neut|Number=Sing	68	obl
aarets-historie	58	74	.	.	PUNCT	PUNCT	_	27	punct
aarets-historie	59	0	Al	al	ADJ	ADJ	Degree=Pos|Gender=Com|Number=Sing	1	amod
aarets-historie	59	1	Naturen	Naturen	NOUN	NOUN	Definite=Def|Gender=Com|Number=Sing	3	nsubj
aarets-historie	59	2	var	være	AUX	AUX	Mood=Ind|Tense=Past|VerbForm=Fin|Voice=Act	3	aux
aarets-historie	59	3	forynget	forynge	VERB	VERB	Definite=Ind|Number=Sing|Tense=Past|VerbForm=Part	3	ROOT
aarets-historie	59	4	rundtom	rundtomn	ADJ	ADJ	Degree=Pos|Number=Plur	3	obj
aarets-historie	59	5	,	,	PUNCT	PUNCT	_	7	punct
aarets-historie	59	6	Alt	al	ADJ	ADJ	Degree=Pos|Gender=Neut|Number=Sing	7	nsubj
aarets-historie	59	7	stod	stå	VERB	VERB	Mood=Ind|Tense=Past|VerbForm=Fin|Voice=Act	3	conj
aarets-historie	59	8	frodigt	frodigt	ADV	ADV	Degree=Pos	7	advmod
aarets-historie	59	9	,	,	PUNCT	PUNCT	_	10	punct
aarets-historie	59	10	kraftigt	kraftigt	ADV	ADV	Degree=Pos	7	conj
aarets-historie	59	11	og	og	CCONJ	CCONJ	_	12	cc
aarets-historie	59	12	skønt	skøn	ADJ	ADJ	Definite=Ind|Degree=Pos|Gender=Neut|Number=Sing	7	conj
aarets-historie	59	13	;	;	PUNCT	PUNCT	_	16	punct
aarets-historie	59	14	det	det	PRON	PRON	Case=Acc|Gender=Neut|Number=Sing|Person=3|PronType=Prs	16	nsubj
aarets-historie	59	15	var	være	AUX	AUX	Mood=Ind|Tense=Past|VerbForm=Fin|Voice=Act	16	cop
aarets-historie	59	16	Sommer	Sommer	NOUN	NOUN	Definite=Ind|Gender=Com|Number=Sing	3	conj
aarets-historie	59	17	,	,	PUNCT	PUNCT	_	16	punct
aarets-historie	59	18	den	den	DET	DET	Gender=Com|Number=Sing|PronType=Dem	21	det
aarets-historie	59	19	varme	varm	ADJ	ADJ	Definite=Def|Degree=Pos|Number=Sing	21	amod
aarets-historie	59	20	dejlige	dejlig	ADJ	ADJ	Definite=Def|Degree=Pos|Number=Sing	21	amod
aarets-historie	59	21	Sommer	Sommer	PROPN	PROPN	_	16	list
aarets-historie	59	22	.	.	PUNCT	PUNCT	_	3	punct
aarets-historie	60	0	Og	og	CCONJ	CCONJ	_	1	cc
aarets-historie	60	1	liflig	liflig	ADJ	ADJ	Definite=Ind|Degree=Pos|Gender=Com|Number=Sing	1	ROOT
aarets-historie	60	2	og	og	CCONJ	CCONJ	_	3	cc
aarets-historie	60	3	sød	sød	ADJ	ADJ	Definite=Ind|Degree=Pos|Gender=Com|Number=Sing	1	conj
aarets-historie	60	4	var	være	AUX	AUX	Mood=Ind|Tense=Past|VerbForm=Fin|Voice=Act	6	cop
aarets-historie	60	5	den	den	DET	DET	Gender=Com|Number=Sing|PronType=Dem	6	det
aarets-historie	60	6	Duft	Duft	NOUN	NOUN	Definite=Ind|Gender=Com|Number=Sing	6	ROOT
aarets-historie	60	7	,	,	PUNCT	PUNCT	_	6	punct
aarets-historie	60	8	der	der	PRON	PRON	PartType=Inf	9	nsubj
aarets-historie	60	9	kom	komme	VERB	VERB	Mood=Ind|Tense=Past|VerbForm=Fin|Voice=Act	6	acl:relcl
aarets-historie	60	10	fra	fra	ADP	ADP	AdpType=Prep	13	case
aarets-historie	60	11	den	den	DET	DET	Gender=Com|Number=Sing|PronType=Dem	13	det
aarets-historie	60	12	frodige	frodig	ADJ	ADJ	Definite=Def|Degree=Pos|Number=Sing	13	amod
aarets-historie	60	13	Kløvermark	Kløvermark	PROPN	PROPN	_	9	obl
aarets-historie	60	14	,	,	PUNCT	PUNCT	_	13	punct
aarets-historie	60	15	Bierne	Bierne	NOUN	NOUN	Definite=Def|Gender=Com|Number=Plur	16	nsubj
aarets-historie	60	16	summede	summe	VERB	VERB	Mood=Ind|Tense=Past|VerbForm=Fin|Voice=Act	9	xcomp
aarets-historie	60	17	der	der	ADV	ADV	PartType=Inf	16	advmod
aarets-historie	60	18	om	om	ADP	ADP	AdpType=Prep	21	case
aarets-historie	60	19	det	den	DET	DET	Gender=Neut|Number=Sing|PronType=Dem	21	det
aarets-historie	60	20	gamle	gammel	ADJ	ADJ	Definite=Def|Degree=Pos|Number=Sing	21	amod
aarets-historie	60	21	Tingsted	Tingsted	PROPN	PROPN	_	16	obl
aarets-historie	60	22	;	;	PUNCT	PUNCT	_	24	punct
aarets-historie	60	23	Brombærranken	brombærrank	NOUN	NOUN	Definite=Def|Gender=Com|Number=Sing	24	nsubj
aarets-historie	60	24	snoede	snoe	VERB	VERB	Mood=Ind|Tense=Past|VerbForm=Fin|Voice=Act	16	conj
aarets-historie	60	25	sig	sig	PRON	PRON	Case=Acc|Person=3|PronType=Prs|Reflex=Yes	24	obj
aarets-historie	60	26	op	op	ADV	ADV	_	24	advmod:lmod
aarets-historie	60	27	om	om	ADP	ADP	AdpType=Prep	28	case
aarets-historie	60	28	Altarstenen	Altarstenen	PROPN	PROPN	_	26	obl
aarets-historie	60	29	,	,	PUNCT	PUNCT	_	28	punct
aarets-historie	60	30	der	der	PRON	PRON	PartType=Inf	32	nsubj
aarets-historie	60	31	,	,	PUNCT	PUNCT	_	32	punct
aarets-historie	60	32	vadsket	vadske	NOUN	NOUN	Definite=Def|Gender=Neut|Number=Sing	6	nmod
aarets-historie	60	33	af	af	ADP	ADP	AdpType=Prep	34	case
aarets-historie	60	34	Regnen	Regn	NOUN	NOUN	Definite=Def|Gender=Com|Number=Sing	32	nmod
aarets-historie	60	35	,	,	PUNCT	PUNCT	_	32	punct
aarets-historie	60	36	skinnede	skinne	VERB	VERB	Mood=Ind|Tense=Past|VerbForm=Fin|Voice=Act	32	appos
aarets-historie	60	37	i	i	ADP	ADP	AdpType=Prep	38	case
aarets-historie	60	38	Sollyset	Sollyset	NOUN	NOUN	Definite=Def|Gender=Neut|Number=Sing	36	obl
aarets-historie	60	39	;	;	PUNCT	PUNCT	_	42	punct
aarets-historie	60	40	og	og	CCONJ	CCONJ	_	42	cc
aarets-historie	60	41	derhen	derh	ADV	ADV	_	42	advmod
aarets-historie	60	42	fløj	flyve	VERB	VERB	Mood=Ind|Tense=Past|VerbForm=Fin|Voice=Act	36	conj
aarets-historie	60	43	Bidronningen	bidronninge	NOUN	NOUN	Definite=Def|Gender=Com|Number=Sing	42	obj
aarets-historie	60	44	med	med	ADP	ADP	AdpType=Prep	46	case
aarets-historie	60	45	sin	sin	DET	DET	Gender=Com|Number=Sing|Number[psor]=Sing|Person=3|Poss=Yes|PronType=Prs|Reflex=Yes	46	det
aarets-historie	60	46	Sværm	sværm	NOUN	NOUN	Definite=Ind|Gender=Com|Number=Sing	42	obl
aarets-historie	60	47	og	og	CCONJ	CCONJ	_	48	cc
aarets-historie	60	48	satte	sætte	VERB	VERB	Mood=Ind|Tense=Past|VerbForm=Fin|Voice=Act	42	conj
aarets-historie	60	49	Voks	Voks	NOUN	NOUN	Definite=Ind|Gender=Com|Number=Sing	48	obj
aarets-historie	60	50	og	og	CCONJ	CCONJ	_	51	cc
aarets-historie	60	51	Honning	honning	NOUN	NOUN	Definite=Ind|Gender=Com|Number=Sing	49	conj
aarets-historie	60	52	.	.	PUNCT	PUNCT	_	6	punct
aarets-historie	61	0	Ingen	ingen	DET	DET	Gender=Com|Number=Sing|PronType=Ind	1	det
aarets-historie	61	1	såe	såe	ADJ	ADJ	Degree=Pos	1	ROOT
aarets-historie	61	2	det	det	PRON	PRON	Case=Acc|Gender=Neut|Number=Sing|Person=3|PronType=Prs	2	ROOT
aarets-historie	61	3	uden	uden	ADP	ADP	AdpType=Prep	4	case
aarets-historie	61	4	Sommeren	sommer	NOUN	NOUN	Definite=Def|Gender=Com|Number=Sing	2	nmod
aarets-historie	61	5	og	og	CCONJ	CCONJ	_	8	cc
aarets-historie	61	6	hans	hans	DET	DET	Number[psor]=Sing|Person=3|Poss=Yes|PronType=Prs	8	det
aarets-historie	61	7	kraftige	kraftig	ADJ	ADJ	Definite=Def|Degree=Pos|Number=Sing	8	amod
aarets-historie	61	8	Viv	Viv	PROPN	PROPN	_	4	conj
aarets-historie	61	9	;	;	PUNCT	PUNCT	_	12	punct
aarets-historie	61	10	for	for	ADP	ADP	AdpType=Prep	11	case
aarets-historie	61	11	dem	de	PRON	PRON	Case=Acc|Number=Plur|Person=3|PronType=Prs	12	obl
aarets-historie	61	12	stod	stå	VERB	VERB	Mood=Ind|Tense=Past|VerbForm=Fin|Voice=Act	2	conj
aarets-historie	61	13	Altarbordet	Altarbordet	NOUN	NOUN	Definite=Def|Gender=Neut|Number=Sing	12	nsubj
aarets-historie	61	14	dækket	dække	VERB	VERB	Definite=Ind|Number=Sing|Tense=Past|VerbForm=Part	12	xcomp
aarets-historie	61	15	med	med	ADP	ADP	AdpType=Prep	17	case
aarets-historie	61	16	Naturens	Naturen	NOUN	NOUN	Case=Gen|Definite=Def|Gender=Com|Number=Sing	17	nmod:poss
aarets-historie	61	17	Offergave	Offergave	NOUN	NOUN	Definite=Ind|Gender=Com|Number=Sing	14	obl
aarets-historie	61	18	.	.	PUNCT	PUNCT	_	12	punct
aarets-historie	62	0	Og	og	CCONJ	CCONJ	_	2	cc
aarets-historie	62	1	Aftenhimlen	Aftenhimlen	NOUN	NOUN	Definite=Def|Gender=Com|Number=Sing	2	nsubj
aarets-historie	62	2	strålede	stråle	VERB	VERB	Mood=Ind|Tense=Past|VerbForm=Fin|Voice=Act	2	ROOT
aarets-historie	62	3	som	som	ADP	ADP	PartType=Inf	5	case
aarets-historie	62	4	et	en	DET	DET	Gender=Neut|Number=Sing|PronType=Ind	5	det
aarets-historie	62	5	Guld	guld	NOUN	NOUN	Definite=Ind|Gender=Neut|Number=Sing	2	obl
aarets-historie	62	6	,	,	PUNCT	PUNCT	_	8	punct
aarets-historie	62	7	ingen	ingen	DET	DET	Gender=Com|Number=Sing|PronType=Ind	8	det
aarets-historie	62	8	Kirkekuppel	Kirkekuppel	PROPN	PROPN	_	2	dep
aarets-historie	62	9	har	have	VERB	VERB	Mood=Ind|Tense=Pres|VerbForm=Fin|Voice=Act	2	conj
aarets-historie	62	10	det	det	PRON	PRON	Case=Acc|Gender=Neut|Number=Sing|Person=3|PronType=Prs	9	obj
aarets-historie	62	11	så	så	ADV	ADV	_	12	advmod
aarets-historie	62	12	rigt	rig	ADJ	ADJ	Definite=Ind|Degree=Pos|Gender=Neut|Number=Sing	9	amod
aarets-historie	62	13	,	,	PUNCT	PUNCT	_	16	punct
aarets-historie	62	14	og	og	CCONJ	CCONJ	_	16	cc
aarets-historie	62	15	Månen	Månen	PROPN	PROPN	_	16	nsubj
aarets-historie	62	16	skinnede	skinnet	VERB	VERB	Mood=Ind|Tense=Past|VerbForm=Fin|Voice=Act	9	conj
aarets-historie	62	17	mellem	mellem	ADP	ADP	AdpType=Prep	18	case
aarets-historie	62	18	Aftenrøde	aftenrøde	PROPN	PROPN	_	16	obl
aarets-historie	62	19	og	og	CCONJ	CCONJ	_	20	cc
aarets-historie	62	20	Morgenrøde	Morgenrøde	NOUN	NOUN	Definite=Ind|Gender=Com|Number=Sing	18	conj
aarets-historie	62	21	.	.	PUNCT	PUNCT	_	2	punct
aarets-historie	63	0	Det	det	PRON	PRON	Case=Acc|Gender=Neut|Number=Sing|Person=3|PronType=Prs	2	nsubj
aarets-historie	63	1	var	være	AUX	AUX	Mood=Ind|Tense=Past|VerbForm=Fin|Voice=Act	2	cop
aarets-historie	63	2	Sommertid	sommertid	NOUN	NOUN	Definite=Ind|Gender=Com|Number=Sing	2	ROOT
aarets-historie	63	3	.	.	PUNCT	PUNCT	_	2	punct
aarets-historie	64	0	Og	og	CCONJ	CCONJ	_	2	cc
aarets-historie	64	1	der	der	ADV	ADV	PartType=Inf	2	expl
aarets-historie	64	2	gik	gå	VERB	VERB	Mood=Ind|Tense=Past|VerbForm=Fin|Voice=Act	2	ROOT
aarets-historie	64	3	Uger	Uger	NOUN	NOUN	Definite=Ind|Gender=Com|Number=Plur	2	obj
aarets-historie	64	4	og	og	CCONJ	CCONJ	_	6	cc
aarets-historie	64	5	der	der	ADV	ADV	PartType=Inf	6	expl
aarets-historie	64	6	gik	gå	VERB	VERB	Mood=Ind|Tense=Past|VerbForm=Fin|Voice=Act	2	conj
aarets-historie	64	7	Dage	Dage	NOUN	NOUN	Definite=Ind|Gender=Com|Number=Plur	6	obj
aarets-historie	64	8	.	.	PUNCT	PUNCT	_	2	punct
aarets-historie	65	0	–	–	PUNCT	PUNCT	_	5	cc
aarets-historie	65	1	"
"	"
"	SPACE	SPACE	_	0	dep
aarets-historie	65	2	Høstfolkenes	Høstfolkenes	PROPN	PROPN	Case=Gen	3	nmod:poss
aarets-historie	65	3	blanke	blank	ADJ	ADJ	Definite=Def|Degree=Pos|Number=Sing	4	amod
aarets-historie	65	4	Ler	Ler	NOUN	NOUN	Definite=Ind|Gender=Com|Number=Sing	5	nsubj
aarets-historie	65	5	blinkede	blinke	VERB	VERB	Mood=Ind|Tense=Past|VerbForm=Fin|Voice=Act	5	ROOT
aarets-historie	65	6	i	i	ADP	ADP	AdpType=Prep	7	case
aarets-historie	65	7	Kornmarkerne	kornmark	PROPN	PROPN	_	5	obl
aarets-historie	65	8	,	,	PUNCT	PUNCT	_	11	punct
aarets-historie	65	9	Æbletræets	Æbletræets	NOUN	NOUN	Case=Gen|Definite=Def|Gender=Neut|Number=Sing	10	nmod:poss
aarets-historie	65	10	Grene	Grene	PROPN	PROPN	_	11	nsubj
aarets-historie	65	11	bøjede	bøje	VERB	VERB	Mood=Ind|Tense=Past|VerbForm=Fin|Voice=Act	5	conj
aarets-historie	65	12	sig	sig	PRON	PRON	Case=Acc|Person=3|PronType=Prs|Reflex=Yes	11	obj
aarets-historie	65	13	med	med	ADP	ADP	AdpType=Prep	17	case
aarets-historie	65	14	røde	rød	ADJ	ADJ	Degree=Pos|Number=Plur	17	amod
aarets-historie	65	15	og	og	CCONJ	CCONJ	_	16	cc
aarets-historie	65	16	gule	gul	ADJ	ADJ	Degree=Pos|Number=Plur	14	conj
aarets-historie	65	17	Frugter	Frugt	NOUN	NOUN	Definite=Ind|Gender=Neut|Number=Plur	11	obl
aarets-historie	65	18	;	;	PUNCT	PUNCT	_	20	punct
aarets-historie	65	19	Humlen	Hum	NOUN	NOUN	Definite=Def|Gender=Com|Number=Sing	20	nsubj
aarets-historie	65	20	duftede	dufte	VERB	VERB	Mood=Ind|Tense=Past|VerbForm=Fin|Voice=Act	5	conj
aarets-historie	65	21	dejligt	dejligt	ADV	ADV	Degree=Pos	20	advmod
aarets-historie	65	22	og	og	CCONJ	CCONJ	_	23	cc
aarets-historie	65	23	hang	hinge	VERB	VERB	Mood=Ind|Tense=Past|VerbForm=Fin|Voice=Act	20	conj
aarets-historie	65	24	i	i	ADP	ADP	AdpType=Prep	26	case
aarets-historie	65	25	store	stor	ADJ	ADJ	Degree=Pos|Number=Plur	26	amod
aarets-historie	65	26	Kopper	Kopper	NOUN	NOUN	Definite=Ind|Gender=Com|Number=Plur	23	obl
aarets-historie	65	27	og	og	CCONJ	CCONJ	_	26	dep
aarets-historie	65	28	under	under	ADP	ADP	AdpType=Prep	29	case
aarets-historie	65	29	Hasselbuskene	Hasselbuskene	NOUN	NOUN	Definite=Def|Gender=Com|Number=Plur	24	nmod
aarets-historie	65	30	,	,	PUNCT	PUNCT	_	29	punct
aarets-historie	65	31	hvor	hvor	ADV	ADV	_	33	advmod
aarets-historie	65	32	Nødderne	Nødderne	NOUN	NOUN	Definite=Def|Gender=Com|Number=Plur	33	nsubj
aarets-historie	65	33	sad	sidde	VERB	VERB	Mood=Ind|Tense=Past|VerbForm=Fin|Voice=Act	29	acl:relcl
aarets-historie	65	34	i	i	ADP	ADP	AdpType=Prep	36	case
aarets-historie	65	35	svære	svær	ADJ	ADJ	Degree=Pos|Number=Plur	36	amod
aarets-historie	65	36	Kløvser	kløvser	NOUN	NOUN	Definite=Ind|Gender=Com|Number=Plur	33	obl
aarets-historie	65	37	,	,	PUNCT	PUNCT	_	33	punct
aarets-historie	65	38	hvilte	hvilte	VERB	VERB	Mood=Ind|Tense=Past|VerbForm=Fin|Voice=Act	26	punct
aarets-historie	65	39	Mand	mand	NOUN	NOUN	Definite=Ind|Gender=Com|Number=Sing	38	obj
aarets-historie	65	40	og	og	CCONJ	CCONJ	_	41	cc
aarets-historie	65	41	Viv	Viv	PROPN	PROPN	_	39	conj
aarets-historie	65	42	,	,	PUNCT	PUNCT	_	38	punct
aarets-historie	65	43	Sommeren	sommer	NOUN	NOUN	Definite=Def|Gender=Com|Number=Sing	26	conj
aarets-historie	65	44	med	med	ADP	ADP	AdpType=Prep	47	case
aarets-historie	65	45	sin	sin	DET	DET	Gender=Com|Number=Sing|Number[psor]=Sing|Person=3|Poss=Yes|PronType=Prs|Reflex=Yes	47	det
aarets-historie	65	46	alvorsfulde	alvorsfuld	ADJ	ADJ	Definite=Def|Degree=Pos|Number=Sing	47	amod
aarets-historie	65	47	Qvinde	Qvinde	NOUN	NOUN	Definite=Ind|Gender=Com|Number=Sing	43	nmod
aarets-historie	65	48	.	.	PUNCT	PUNCT	_	5	punct
aarets-historie	66	0	»	»	NOUN	NOUN	Definite=Ind|Gender=Com|Number=Sing	2	dep
aarets-historie	66	1	Hvilken	hvilken	ADJ	ADJ	Definite=Ind|Degree=Pos|Gender=Com|Number=Sing	2	mark
aarets-historie	66	2	Rigdom	Rigdom	NOUN	NOUN	Definite=Ind|Gender=Com|Number=Sing	6	obl
aarets-historie	66	3	!	!	PUNCT	PUNCT	_	2	punct
aarets-historie	66	4	«	«	NOUN	NOUN	Definite=Ind|Gender=Com|Number=Sing	2	dep
aarets-historie	66	5	"
"	"
"	SPACE	SPACE	_	4	dep
aarets-historie	66	6	sagde	sige	VERB	VERB	Mood=Ind|Tense=Past|VerbForm=Fin|Voice=Act	6	ROOT
aarets-historie	66	7	hun	hun	PRON	PRON	Case=Nom|Gender=Com|Number=Sing|Person=3|PronType=Prs	6	nsubj
aarets-historie	66	8	,	,	PUNCT	PUNCT	_	6	punct
aarets-historie	66	9	»	»	PROPN	PROPN	_	6	punct
aarets-historie	66	10	rundtom	rundtom	X	X	Foreign=Yes	9	flat
aarets-historie	66	11	Velsignelse	Velsignelse	NOUN	NOUN	Definite=Ind|Gender=Com|Number=Sing	6	nsubj
aarets-historie	66	12	,	,	PUNCT	PUNCT	_	13	punct
aarets-historie	66	13	hjemligt	hjemlig	ADJ	ADJ	Definite=Ind|Degree=Pos|Gender=Neut|Number=Sing	6	conj
aarets-historie	66	14	og	og	CCONJ	CCONJ	_	15	cc
aarets-historie	66	15	godt	godt	ADV	ADV	Degree=Pos	6	conj
aarets-historie	66	16	,	,	PUNCT	PUNCT	_	6	punct
aarets-historie	66	17	og	og	CCONJ	CCONJ	_	6	dep
aarets-historie	66	18	dog	dog	ADV	ADV	_	6	advmod
aarets-historie	66	19	,	,	PUNCT	PUNCT	_	21	punct
aarets-historie	66	20	jeg	jeg	PRON	PRON	Case=Nom|Gender=Com|Number=Sing|Person=1|PronType=Prs	21	nsubj
aarets-historie	66	21	ved	vide	VERB	VERB	Mood=Ind|Tense=Pres|VerbForm=Fin|Voice=Act	6	conj
aarets-historie	66	22	ikke	ikke	ADV	ADV	_	21	advmod
aarets-historie	66	23	selv	selv	PRON	PRON	PronType=Dem	21	obl
aarets-historie	66	24	,	,	PUNCT	PUNCT	_	21	punct
aarets-historie	66	25	jeg	jeg	PRON	PRON	Case=Nom|Gender=Com|Number=Sing|Person=1|PronType=Prs	26	nsubj
aarets-historie	66	26	længes	længes	VERB	VERB	Mood=Ind|Tense=Pres|VerbForm=Fin|Voice=Pass	6	dep
aarets-historie	66	27	efter	efter	ADP	ADP	AdpType=Prep	29	case
aarets-historie	66	28	–	–	NOUN	NOUN	Definite=Ind|Gender=Neut|Number=Sing	29	amod
aarets-historie	66	29	Hvile	hvile	NOUN	NOUN	Definite=Ind|Gender=Com|Number=Sing	26	obl
aarets-historie	66	30	,	,	PUNCT	PUNCT	_	29	punct
aarets-historie	66	31	–	–	AUX	AUX	Mood=Ind|Tense=Pres|VerbForm=Fin|Voice=Act	32	punct
aarets-historie	66	32	Ro	ro	NOUN	NOUN	Definite=Ind|Gender=Com|Number=Sing	29	nmod
aarets-historie	66	33	!	!	PUNCT	PUNCT	_	32	punct
aarets-historie	67	0	jeg	jeg	PRON	PRON	Case=Nom|Gender=Com|Number=Sing|Person=1|PronType=Prs	1	nsubj
aarets-historie	67	1	ved	vide	VERB	VERB	Mood=Ind|Tense=Pres|VerbForm=Fin|Voice=Act	1	ROOT
aarets-historie	67	2	ikke	ikke	ADV	ADV	_	1	advmod
aarets-historie	67	3	Ordet	Ord	NOUN	NOUN	Definite=Def|Gender=Neut|Number=Sing	1	obj
aarets-historie	67	4	derfor	derfor	ADV	ADV	_	1	advmod
aarets-historie	67	5	!	!	PUNCT	PUNCT	_	1	punct
aarets-historie	68	0	–	–	CCONJ	CCONJ	_	3	punct
aarets-historie	68	1	"
"	"
"	SPACE	SPACE	_	0	dep
aarets-historie	68	2	Nu	nu	ADV	ADV	_	3	advmod
aarets-historie	68	3	pløje	pløje	VERB	VERB	VerbForm=Inf|Voice=Act	3	ROOT
aarets-historie	68	4	de	de	PRON	PRON	Case=Nom|Number=Plur|Person=3|PronType=Prs	3	nsubj
aarets-historie	68	5	alt	alt	ADV	ADV	_	3	dep
aarets-historie	68	6	igen	igen	ADV	ADV	_	3	advmod
aarets-historie	68	7	på	på	ADP	ADP	AdpType=Prep	8	case
aarets-historie	68	8	Marken	Marke	NOUN	NOUN	Definite=Def|Gender=Com|Number=Sing	3	obl
aarets-historie	68	9	!	!	PUNCT	PUNCT	_	3	punct
aarets-historie	69	0	Mere	Meget	ADJ	ADJ	Definite=Ind|Degree=Cmp|Number=Sing	6	advmod
aarets-historie	69	1	og	og	CCONJ	CCONJ	_	2	cc
aarets-historie	69	2	altid	altid	ADV	ADV	_	0	conj
aarets-historie	69	3	Mere	Meget	ADJ	ADJ	Definite=Ind|Degree=Cmp|Number=Sing	0	conj
aarets-historie	69	4	ville	ville	AUX	AUX	Mood=Ind|Tense=Past|VerbForm=Fin|Voice=Act	6	aux
aarets-historie	69	5	Menneskene	menneskene	NOUN	NOUN	Definite=Def|Gender=Neut|Number=Plur	6	nsubj
aarets-historie	69	6	vinde	vinde	VERB	VERB	VerbForm=Inf|Voice=Act	6	ROOT
aarets-historie	69	7	!	!	PUNCT	PUNCT	_	6	punct
aarets-historie	70	0	–	–	PUNCT	PUNCT	_	0	ROOT
aarets-historie	70	1	"
"	"
"	SPACE	SPACE	_	0	dep
aarets-historie	70	2	Se	se	VERB	VERB	Mood=Imp	0	punct
aarets-historie	70	3	Storkene	Storkene	NOUN	NOUN	Definite=Def|Gender=Neut|Number=Plur	4	nsubj
aarets-historie	70	4	komme	komme	VERB	VERB	VerbForm=Inf|Voice=Act	4	ROOT
aarets-historie	70	5	i	i	ADP	ADP	AdpType=Prep	6	case
aarets-historie	70	6	Flokke	flokke	NOUN	NOUN	Definite=Ind|Gender=Neut|Number=Plur	4	obl
aarets-historie	70	7	og	og	CCONJ	CCONJ	_	8	cc
aarets-historie	70	8	gåe	gåe	PROPN	PROPN	_	6	conj
aarets-historie	70	9	i	i	ADP	ADP	AdpType=Prep	10	case
aarets-historie	70	10	Afstand	afstand	NOUN	NOUN	Definite=Ind|Gender=Com|Number=Sing	6	nmod
aarets-historie	70	11	efter	efter	ADP	ADP	AdpType=Prep	12	case
aarets-historie	70	12	Ploven	ploven	NOUN	NOUN	Definite=Def|Gender=Com|Number=Sing	10	nmod
aarets-historie	70	13	;	;	PUNCT	PUNCT	_	14	punct
aarets-historie	70	14	Ægyptens	Ægyptens	PROPN	PROPN	Case=Gen	12	appos
aarets-historie	70	15	Fugl	fugl	NOUN	NOUN	Definite=Ind|Gender=Com|Number=Sing	14	nmod:poss
aarets-historie	70	16	,	,	PUNCT	PUNCT	_	4	punct
aarets-historie	70	17	som	som	PRON	PRON	PartType=Inf	18	nsubj
aarets-historie	70	18	bar	bar	VERB	VERB	Mood=Ind|Tense=Past|VerbForm=Fin|Voice=Act	4	acl:relcl
aarets-historie	70	19	os	vi	PRON	PRON	Case=Acc|Gender=Com|Number=Plur|Person=1|PronType=Prs	18	obj
aarets-historie	70	20	gennem	gennem	ADP	ADP	AdpType=Prep	21	case
aarets-historie	70	21	Luften	Luft	NOUN	NOUN	Definite=Def|Gender=Com|Number=Sing	18	obl
aarets-historie	70	22	!	!	PUNCT	PUNCT	_	4	punct
aarets-historie	71	0	Husker	Husker	VERB	VERB	Mood=Ind|Tense=Pres|VerbForm=Fin|Voice=Act	0	ROOT
aarets-historie	71	1	du	du	PRON	PRON	Case=Nom|Gender=Com|Number=Sing|Person=2|PronType=Prs	0	nsubj
aarets-historie	71	2	,	,	PUNCT	PUNCT	_	0	punct
aarets-historie	71	3	da	da	SCONJ	SCONJ	_	8	mark
aarets-historie	71	4	vi	vi	PRON	PRON	Case=Nom|Gender=Com|Number=Plur|Person=1|PronType=Prs	8	nsubj
aarets-historie	71	5	begge	begge	PRON	PRON	Number=Plur|PronType=Dem	7	det
aarets-historie	71	6	som	som	ADP	ADP	PartType=Inf	7	case
aarets-historie	71	7	Børn	Barn	NOUN	NOUN	Definite=Ind|Gender=Neut|Number=Plur	8	nsubj
aarets-historie	71	8	kom	komme	VERB	VERB	Mood=Ind|Tense=Past|VerbForm=Fin|Voice=Act	0	advmod
aarets-historie	71	9	herind	herind	ADV	ADV	_	8	advmod:lmod
aarets-historie	71	10	i	i	ADP	ADP	AdpType=Prep	12	case
aarets-historie	71	11	Nordens	Norden	PROPN	PROPN	Case=Gen	12	nmod:poss
aarets-historie	71	12	Lande	Lande	NOUN	NOUN	Definite=Ind|Gender=Neut|Number=Plur	9	obl
aarets-historie	71	13	?	?	PUNCT	PUNCT	_	0	punct
aarets-historie	72	0	–	–	PUNCT	PUNCT	_	3	dep
aarets-historie	72	1	"
"	"
"	SPACE	SPACE	_	0	dep
aarets-historie	72	2	Blomster	blomst	NOUN	NOUN	Definite=Ind|Gender=Com|Number=Plur	3	obl
aarets-historie	72	3	bragte	brage	VERB	VERB	Mood=Ind|Tense=Past|VerbForm=Fin|Voice=Act	3	ROOT
aarets-historie	72	4	vi	vi	PRON	PRON	Case=Nom|Gender=Com|Number=Plur|Person=1|PronType=Prs	3	nsubj
aarets-historie	72	5	,	,	PUNCT	PUNCT	_	3	punct
aarets-historie	72	6	dejligt	dejligt	ADV	ADV	Degree=Pos	3	advmod
aarets-historie	72	7	Solskin	Solskin	NOUN	NOUN	Definite=Ind|Gender=Neut|Number=Sing	3	dep
aarets-historie	72	8	og	og	CCONJ	CCONJ	_	10	cc
aarets-historie	72	9	grønne	grøn	ADJ	ADJ	Degree=Pos|Number=Plur	10	amod
aarets-historie	72	10	Skove	skove	NOUN	NOUN	Definite=Ind|Gender=Com|Number=Plur	7	conj
aarets-historie	72	11	,	,	PUNCT	PUNCT	_	13	punct
aarets-historie	72	12	dem	de	PRON	PRON	Case=Acc|Number=Plur|Person=3|PronType=Prs	13	obj
aarets-historie	72	13	har	have	AUX	AUX	Mood=Ind|Tense=Pres|VerbForm=Fin|Voice=Act	21	aux
aarets-historie	72	14	nu	nu	ADV	ADV	_	13	advmod
aarets-historie	72	15	Vinden	vind	NOUN	NOUN	Definite=Def|Gender=Com|Number=Sing	13	obj
aarets-historie	72	16	faret	fare	NOUN	NOUN	Definite=Def|Gender=Neut|Number=Sing	13	advmod
aarets-historie	72	17	ilde	ilde	ADV	ADV	Degree=Pos	13	advmod
aarets-historie	72	18	med	med	ADV	ADV	_	13	compound:prt
aarets-historie	72	19	,	,	PUNCT	PUNCT	_	21	punct
aarets-historie	72	20	de	de	PRON	PRON	Case=Nom|Number=Plur|Person=3|PronType=Prs	21	nsubj
aarets-historie	72	21	brunes	brune	VERB	VERB	Mood=Ind|Tense=Pres|VerbForm=Fin|Voice=Pass	3	conj
aarets-historie	72	22	og	og	CCONJ	CCONJ	_	23	cc
aarets-historie	72	23	mørknes	mørknes	NOUN	NOUN	Case=Gen|Definite=Def|Gender=Com|Number=Plur	21	conj
aarets-historie	72	24	,	,	PUNCT	PUNCT	_	21	punct
aarets-historie	72	25	som	som	PRON	PRON	PartType=Inf	27	case
aarets-historie	72	26	Sydens	Syden	PROPN	PROPN	Case=Gen	27	nmod:poss
aarets-historie	72	27	Træer	Træ	NOUN	NOUN	Definite=Ind|Gender=Neut|Number=Plur	21	obl
aarets-historie	72	28	,	,	PUNCT	PUNCT	_	30	punct
aarets-historie	72	29	men	men	CCONJ	CCONJ	_	30	cc
aarets-historie	72	30	bærer	bære	VERB	VERB	Mood=Ind|Tense=Pres|VerbForm=Fin|Voice=Act	21	conj
aarets-historie	72	31	ikke	ikke	ADV	ADV	_	30	advmod
aarets-historie	72	32	,	,	PUNCT	PUNCT	_	30	punct
aarets-historie	72	33	som	som	ADP	ADP	PartType=Inf	37	case
aarets-historie	72	34	de	de	PRON	PRON	Case=Nom|Number=Plur|Person=3|PronType=Prs	37	det
aarets-historie	72	35	,	,	PUNCT	PUNCT	_	37	punct
aarets-historie	72	36	gyldne	gylden	ADJ	ADJ	Degree=Pos|Number=Plur	37	amod
aarets-historie	72	37	Frugter	Frugt	NOUN	NOUN	Definite=Ind|Gender=Neut|Number=Plur	30	obl
aarets-historie	72	38	!	!	PUNCT	PUNCT	_	3	punct
aarets-historie	72	39	«	«	NOUN	NOUN	Definite=Ind|Gender=Com|Number=Sing	39	ROOT
aarets-historie	72	40	"
"	"
"	SPACE	SPACE	_	39	dep
aarets-historie	72	41	»	»	NOUN	NOUN	Definite=Ind|Gender=Com|Number=Sing	39	punct
aarets-historie	72	42	Dem	Dem	PRON	PRON	Case=Acc|Number=Plur|Person=3|PronType=Prs	45	obj
aarets-historie	72	43	vil	ville	AUX	AUX	Mood=Ind|Tense=Pres|VerbForm=Fin|Voice=Act	45	aux
aarets-historie	72	44	du	du	PRON	PRON	Case=Nom|Gender=Com|Number=Sing|Person=2|PronType=Prs	45	nsubj
aarets-historie	72	45	se	se	VERB	VERB	VerbForm=Inf|Voice=Act	45	ROOT
aarets-historie	72	46	?	?	PUNCT	PUNCT	_	45	punct
aarets-historie	72	47	«	«	NOUN	NOUN	Definite=Ind|Gender=Com|Number=Sing	47	ROOT
aarets-historie	72	48	"
"	"
"	SPACE	SPACE	_	47	dep
aarets-historie	72	49	sagde	sige	VERB	VERB	Mood=Ind|Tense=Past|VerbForm=Fin|Voice=Act	49	ROOT
aarets-historie	72	50	Sommeren	sommer	NOUN	NOUN	Definite=Def|Gender=Com|Number=Sing	49	nsubj
aarets-historie	72	51	,	,	PUNCT	PUNCT	_	49	punct
aarets-historie	72	52	»	»	NOUN	NOUN	Definite=Ind|Gender=Com|Number=Sing	54	punct
aarets-historie	72	53	så	så	ADV	ADV	_	54	advmod
aarets-historie	72	54	glæd	glæde	VERB	VERB	Mood=Imp	49	advmod
aarets-historie	72	55	dig	du	PRON	PRON	Case=Acc|Gender=Com|Number=Sing|Person=2|PronType=Prs	54	obj
aarets-historie	72	56	da	da	ADV	ADV	_	54	advmod
aarets-historie	72	57	!	!	PUNCT	PUNCT	_	49	punct
aarets-historie	72	58	«	«	NOUN	NOUN	Definite=Ind|Gender=Com|Number=Sing	49	obl
aarets-historie	72	59	"
"	"
"	SPACE	SPACE	_	58	dep
aarets-historie	72	60	og	og	CCONJ	CCONJ	_	62	cc
aarets-historie	72	61	han	han	PRON	PRON	Case=Nom|Gender=Com|Number=Sing|Person=3|PronType=Prs	62	nsubj
aarets-historie	72	62	løftede	løfte	VERB	VERB	Mood=Ind|Tense=Past|VerbForm=Fin|Voice=Act	49	conj
aarets-historie	72	63	sin	sin	DET	DET	Gender=Com|Number=Sing|Number[psor]=Sing|Person=3|Poss=Yes|PronType=Prs|Reflex=Yes	64	det
aarets-historie	72	64	Arm	Arm	PROPN	PROPN	_	62	obj
aarets-historie	72	65	og	og	CCONJ	CCONJ	_	66	cc
aarets-historie	72	66	Skovens	skov	NOUN	NOUN	Case=Gen|Definite=Def|Gender=Com|Number=Sing	67	nmod:poss
aarets-historie	72	67	Blade	blade	NOUN	NOUN	Definite=Ind|Gender=Neut|Number=Sing	68	nsubj
aarets-historie	72	68	farvedes	farvedes	VERB	VERB	Mood=Ind|Tense=Pres|VerbForm=Fin|Voice=Pass	62	xcomp
aarets-historie	72	69	med	med	ADP	ADP	AdpType=Prep	70	case
aarets-historie	72	70	Rødt	Rødt	ADJ	ADJ	Definite=Ind|Degree=Pos|Gender=Neut|Number=Sing	68	obl
aarets-historie	72	71	og	og	CCONJ	CCONJ	_	73	cc
aarets-historie	72	72	med	med	ADP	ADP	AdpType=Prep	73	case
aarets-historie	72	73	Guld	guld	NOUN	NOUN	Definite=Ind|Gender=Neut|Number=Sing	70	conj
aarets-historie	72	74	,	,	PUNCT	PUNCT	_	70	punct
aarets-historie	72	75	der	der	PRON	PRON	PartType=Inf	76	nsubj
aarets-historie	72	76	kom	komme	VERB	VERB	Mood=Ind|Tense=Past|VerbForm=Fin|Voice=Act	70	acl:relcl
aarets-historie	72	77	en	en	DET	DET	Gender=Com|Number=Sing|PronType=Ind	78	det
aarets-historie	72	78	Farvepragt	farvepragt	NOUN	NOUN	Definite=Ind|Gender=Com|Number=Sing	76	obj
aarets-historie	72	79	over	over	ADP	ADP	AdpType=Prep	81	case
aarets-historie	72	80	alle	al	ADJ	ADJ	Degree=Pos|Number=Plur	81	amod
aarets-historie	72	81	Skove	skove	NOUN	NOUN	Definite=Ind|Gender=Com|Number=Plur	78	nmod
aarets-historie	72	82	;	;	PUNCT	PUNCT	_	84	punct
aarets-historie	72	83	Rosenhækken	Rosenhække	NOUN	NOUN	Definite=Def|Gender=Com|Number=Sing	84	nsubj
aarets-historie	72	84	skinnede	skinne	VERB	VERB	Mood=Ind|Tense=Past|VerbForm=Fin|Voice=Act	76	conj
aarets-historie	72	85	med	med	ADP	ADP	AdpType=Prep	87	case
aarets-historie	72	86	ildrøde	ildrød	ADJ	ADJ	Degree=Pos	87	amod
aarets-historie	72	87	Hyben	hyben	NOUN	NOUN	Definite=Ind|Gender=Neut|Number=Plur	84	obl
aarets-historie	72	88	,	,	PUNCT	PUNCT	_	87	punct
aarets-historie	72	89	Hyldegrenene	Hyldegrenene	PROPN	PROPN	_	90	nsubj
aarets-historie	72	90	hang	hang	VERB	VERB	Mood=Ind|Tense=Past|VerbForm=Fin|Voice=Act	87	acl:relcl
aarets-historie	72	91	med	med	ADP	ADP	AdpType=Prep	94	case
aarets-historie	72	92	store	stor	ADJ	ADJ	Degree=Pos|Number=Plur	94	amod
aarets-historie	72	93	tunge	tung	ADJ	ADJ	Definite=Def|Degree=Pos|Number=Sing	94	amod
aarets-historie	72	94	sortebrune	sortebrune	NOUN	NOUN	Definite=Ind|Gender=Com|Number=Sing	90	obl
aarets-historie	72	95	Bær	bær	NOUN	NOUN	Definite=Ind|Gender=Com|Number=Sing	94	nmod
aarets-historie	72	96	,	,	PUNCT	PUNCT	_	95	punct
aarets-historie	72	97	de	den	DET	DET	Number=Plur|PronType=Dem	99	det
aarets-historie	72	98	vilde	vild	ADJ	ADJ	Degree=Pos|Number=Plur	99	amod
aarets-historie	72	99	Kastanier	kastanie	NOUN	NOUN	Definite=Ind|Gender=Com|Number=Plur	100	nsubj
aarets-historie	72	100	faldt	falde	VERB	VERB	Mood=Ind|Tense=Past|VerbForm=Fin|Voice=Act	49	xcomp
aarets-historie	72	101	modne	modne	ADJ	ADJ	Degree=Pos|Number=Plur	100	amod
aarets-historie	72	102	ud	ud	ADV	ADV	_	100	advmod
aarets-historie	72	103	af	af	ADP	ADP	AdpType=Prep	106	case
aarets-historie	72	104	de	den	DET	DET	Number=Plur|PronType=Dem	106	det
aarets-historie	72	105	sortegrønne	sortegrønne	ADJ	ADJ	Degree=Pos|Number=Plur	106	amod
aarets-historie	72	106	Skaller	skaller	NOUN	NOUN	Definite=Ind|Gender=Com|Number=Plur	102	obl
aarets-historie	72	107	,	,	PUNCT	PUNCT	_	112	punct
aarets-historie	72	108	og	og	CCONJ	CCONJ	_	112	cc
aarets-historie	72	109	inde	inde	ADV	ADV	_	112	advmod
aarets-historie	72	110	i	i	ADP	ADP	AdpType=Prep	111	case
aarets-historie	72	111	Skoven	skov	NOUN	NOUN	Definite=Def|Gender=Com|Number=Sing	109	obl
aarets-historie	72	112	blomstrede	blomstre	VERB	VERB	Mood=Ind|Tense=Past|VerbForm=Fin|Voice=Act	100	conj
aarets-historie	72	113	Violerne	Violerne	NOUN	NOUN	Definite=Def|Gender=Neut|Number=Plur	112	nsubj
aarets-historie	72	114	anden	anden	ADJ	ADJ	NumType=Ord	115	amod
aarets-historie	72	115	Gang	Gang	NOUN	NOUN	Definite=Ind|Gender=Com|Number=Sing	113	conj
aarets-historie	72	116	.	.	PUNCT	PUNCT	_	49	punct
aarets-historie	73	0	Men	men	CCONJ	CCONJ	_	7	cc
aarets-historie	73	1	Årets	Årets	NOUN	NOUN	Case=Gen|Definite=Def|Gender=Neut|Number=Sing	2	amod
aarets-historie	73	2	Dronning	dronning	NOUN	NOUN	Definite=Ind|Gender=Com|Number=Sing	7	nsubj
aarets-historie	73	3	blev	blive	AUX	AUX	Mood=Ind|Tense=Past|VerbForm=Fin|Voice=Act	7	cop
aarets-historie	73	4	mere	meget	ADV	ADV	Degree=Cmp	7	advmod
aarets-historie	73	5	og	og	CCONJ	CCONJ	_	6	cc
aarets-historie	73	6	mere	mere	ADV	ADV	Degree=Cmp	4	conj
aarets-historie	73	7	stille	stille	ADJ	ADJ	Degree=Pos	7	ROOT
aarets-historie	73	8	,	,	PUNCT	PUNCT	_	10	punct
aarets-historie	73	9	mere	mere	ADV	ADV	Degree=Cmp	10	advmod
aarets-historie	73	10	bleg	bleg	ADJ	ADJ	Definite=Ind|Degree=Pos|Gender=Com|Number=Sing	7	conj
aarets-historie	73	11	.	.	PUNCT	PUNCT	_	7	punct
aarets-historie	74	0	»	»	NOUN	NOUN	Definite=Ind|Gender=Com|Number=Sing	0	ROOT
aarets-historie	74	1	"
"	"
"	SPACE	SPACE	_	0	dep
aarets-historie	74	2	Det	det	PRON	PRON	Case=Acc|Gender=Neut|Number=Sing|Person=3|PronType=Prs	3	nsubj
aarets-historie	74	3	lufter	lufte	VERB	VERB	Mood=Ind|Tense=Pres|VerbForm=Fin|Voice=Act	3	ROOT
aarets-historie	74	4	koldt	koldt	ADV	ADV	Degree=Pos	3	advmod
aarets-historie	74	5	!	!	PUNCT	PUNCT	_	3	punct
aarets-historie	74	6	«	«	NOUN	NOUN	Definite=Ind|Gender=Com|Number=Sing	6	ROOT
aarets-historie	74	7	"
"	"
"	SPACE	SPACE	_	6	dep
aarets-historie	74	8	sagde	sige	VERB	VERB	Mood=Ind|Tense=Past|VerbForm=Fin|Voice=Act	8	ROOT
aarets-historie	74	9	hun	hun	PRON	PRON	Case=Nom|Gender=Com|Number=Sing|Person=3|PronType=Prs	8	nsubj
aarets-historie	74	10	,	,	PUNCT	PUNCT	_	8	punct
aarets-historie	74	11	»	»	PROPN	PROPN	_	8	punct
aarets-historie	74	12	Natten	Natten	NOUN	NOUN	Definite=Def|Gender=Com|Number=Sing	13	nsubj
aarets-historie	74	13	har	have	AUX	AUX	Mood=Ind|Tense=Pres|VerbForm=Fin|Voice=Act	13	ROOT
aarets-historie	74	14	våde	våd	ADJ	ADJ	Degree=Pos|Number=Plur	15	amod
aarets-historie	74	15	Tåger	Tåger	PROPN	PROPN	_	13	obj
aarets-historie	74	16	!	!	PUNCT	PUNCT	_	13	punct
aarets-historie	75	0	–	–	VERB	VERB	Mood=Ind|Tense=Pres|VerbForm=Fin|Voice=Pass	0	ROOT
aarets-historie	75	1	"
"	"
"	SPACE	SPACE	_	0	dep
aarets-historie	75	2	jeg	jeg	PRON	PRON	Case=Nom|Gender=Com|Number=Sing|Person=1|PronType=Prs	0	nsubj
aarets-historie	75	3	længes	længes	VERB	VERB	Mood=Ind|Tense=Pres|VerbForm=Fin|Voice=Act	0	dep
aarets-historie	75	4	efter	efter	ADP	ADP	AdpType=Prep	6	case
aarets-historie	75	5	–	–	ADP	ADP	AdpType=Prep	6	cc
aarets-historie	75	6	Barndomslandet	barndomslandet	NOUN	NOUN	Definite=Def|Gender=Neut|Number=Sing	3	obl
aarets-historie	75	7	!	!	PUNCT	PUNCT	_	0	punct
aarets-historie	75	8	«	«	NOUN	NOUN	Definite=Ind|Gender=Com|Number=Sing	4	nmod
aarets-historie	75	9	–	–	VERB	VERB	Mood=Ind|Tense=Pres|VerbForm=Fin|Voice=Pass	9	ROOT
aarets-historie	75	10	"
"	"
"	SPACE	SPACE	_	9	dep
aarets-historie	75	11	Og	og	CCONJ	CCONJ	_	13	cc
aarets-historie	75	12	hun	hun	PRON	PRON	Case=Nom|Gender=Com|Number=Sing|Person=3|PronType=Prs	13	nsubj
aarets-historie	75	13	såe	såe	X	X	_	9	dep
aarets-historie	75	14	Storkene	Stork	NOUN	NOUN	Definite=Def|Gender=Neut|Number=Plur	15	nsubj
aarets-historie	75	15	flyve	flyve	VERB	VERB	VerbForm=Inf|Voice=Act	13	advcl
aarets-historie	75	16	bort	bort	ADV	ADV	_	15	compound:prt
aarets-historie	75	17	,	,	PUNCT	PUNCT	_	15	punct
aarets-historie	75	18	hver	hver	PRON	PRON	Gender=Com|Number=Sing|PronType=Ind	19	mark
aarets-historie	75	19	en	en	PRON	PRON	Gender=Com|Number=Sing|PronType=Ind	15	dep
aarets-historie	75	20	!	!	PUNCT	PUNCT	_	13	punct
aarets-historie	76	0	og	og	CCONJ	CCONJ	_	2	cc
aarets-historie	76	1	hun	hun	PRON	PRON	Case=Nom|Gender=Com|Number=Sing|Person=3|PronType=Prs	2	nsubj
aarets-historie	76	2	strakte	strake	VERB	VERB	Mood=Ind|Tense=Past|VerbForm=Fin|Voice=Act	2	ROOT
aarets-historie	76	3	Hænderne	Hænderne	NOUN	NOUN	Definite=Def|Gender=Com|Number=Plur	2	obj
aarets-historie	76	4	efter	efter	ADP	ADP	AdpType=Prep	5	case
aarets-historie	76	5	dem	de	PRON	PRON	Case=Acc|Number=Plur|Person=3|PronType=Prs	3	nmod
aarets-historie	76	6	.	.	PUNCT	PUNCT	_	2	punct
aarets-historie	77	0	–	–	VERB	VERB	Mood=Ind|Tense=Pres|VerbForm=Fin|Voice=Pass	0	ROOT
aarets-historie	77	1	"
"	"
"	SPACE	SPACE	_	0	dep
aarets-historie	77	2	Hun	hun	PRON	PRON	Case=Nom|Gender=Com|Number=Sing|Person=3|PronType=Prs	3	nsubj
aarets-historie	77	3	såe	såe	VERB	VERB	Mood=Ind|Tense=Past|VerbForm=Fin|Voice=Act	3	ROOT
aarets-historie	77	4	op	op	ADV	ADV	_	3	advmod
aarets-historie	77	5	til	til	ADP	ADP	AdpType=Prep	6	case
aarets-historie	77	6	Rederne	Red	NOUN	NOUN	Definite=Def|Gender=Com|Number=Plur	4	obl
aarets-historie	77	7	,	,	PUNCT	PUNCT	_	6	punct
aarets-historie	77	8	der	der	PRON	PRON	PartType=Inf	10	nsubj
aarets-historie	77	9	stode	stode	X	X	_	10	advmod
aarets-historie	77	10	tomme	tom	ADJ	ADJ	Degree=Pos|Number=Plur	6	amod
aarets-historie	77	11	,	,	PUNCT	PUNCT	_	14	punct
aarets-historie	77	12	og	og	CCONJ	CCONJ	_	14	cc
aarets-historie	77	13	der	der	ADV	ADV	PartType=Inf	14	expl
aarets-historie	77	14	vokste	vokse	VERB	VERB	Mood=Ind|Tense=Past|VerbForm=Fin|Voice=Act	10	conj
aarets-historie	77	15	op	op	ADV	ADV	_	14	compound:prt
aarets-historie	77	16	i	i	ADP	ADP	AdpType=Prep	20	case
aarets-historie	77	17	en	en	DET	DET	Gender=Com|Number=Sing|PronType=Ind	20	det
aarets-historie	77	18	den	den	DET	DET	Gender=Com|Number=Sing|PronType=Dem	20	det
aarets-historie	77	19	langstilkede	langstilket	ADJ	ADJ	Definite=Def|Degree=Pos|Number=Sing	20	amod
aarets-historie	77	20	Kornblomst	Kornblomst	NOUN	NOUN	Definite=Ind|Gender=Com|Number=Sing	15	obl
aarets-historie	77	21	og	og	CCONJ	CCONJ	_	16	cc
aarets-historie	77	22	i	i	ADP	ADP	AdpType=Prep	27	case
aarets-historie	77	23	en	en	DET	DET	Gender=Com|Number=Sing|PronType=Ind	27	det
aarets-historie	77	24	anden	anden	DET	DET	Gender=Com|Number=Sing|PronType=Ind	27	det
aarets-historie	77	25	den	den	DET	DET	Gender=Com|Number=Sing|PronType=Dem	27	det
aarets-historie	77	26	gule	gul	ADJ	ADJ	Definite=Def|Degree=Pos|Number=Sing	27	amod
aarets-historie	77	27	Kidike	Kidike	NOUN	NOUN	Definite=Ind|Gender=Com|Number=Sing	16	nmod
aarets-historie	77	28	,	,	PUNCT	PUNCT	_	27	punct
aarets-historie	77	29	som	som	ADV	ADV	_	33	dep
aarets-historie	77	30	om	om	ADP	ADP	AdpType=Prep	29	fixed
aarets-historie	77	31	Reden	red	NOUN	NOUN	Definite=Def|Gender=Com|Number=Sing	33	nsubj
aarets-historie	77	32	kun	kun	ADV	ADV	_	33	advmod
aarets-historie	77	33	var	være	VERB	VERB	Mood=Ind|Tense=Past|VerbForm=Fin|Voice=Act	27	acl:relcl
aarets-historie	77	34	til	til	ADP	ADP	AdpType=Prep	36	case
aarets-historie	77	35	som	som	ADP	ADP	PartType=Inf	36	case
aarets-historie	77	36	Værn	Værn	NOUN	NOUN	Definite=Ind|Gender=Neut|Number=Sing	33	obl
aarets-historie	77	37	og	og	CCONJ	CCONJ	_	38	cc
aarets-historie	77	38	Gærde	Gærde	PROPN	PROPN	_	36	conj
aarets-historie	77	39	om	om	ADP	ADP	AdpType=Prep	40	case
aarets-historie	77	40	den	den	PRON	PRON	Case=Acc|Gender=Com|Number=Sing|Person=3|PronType=Prs	36	nmod
aarets-historie	77	41	;	;	PUNCT	PUNCT	_	44	punct
aarets-historie	77	42	og	og	CCONJ	CCONJ	_	44	cc
aarets-historie	77	43	Spurvene	Spurvene	NOUN	NOUN	Definite=Def|Gender=Com|Number=Plur	44	nsubj
aarets-historie	77	44	kom	komme	VERB	VERB	Mood=Ind|Tense=Past|VerbForm=Fin|Voice=Act	33	conj
aarets-historie	77	45	derop	derop	ADV	ADV	_	44	advmod:lmod
aarets-historie	77	46	.	.	PUNCT	PUNCT	_	3	punct
aarets-historie	78	0	»	»	NOUN	NOUN	Definite=Ind|Gender=Com|Number=Sing	1	nmod
aarets-historie	78	1	Pip	pip	NOUN	NOUN	Definite=Def|Gender=Neut|Number=Sing	1	ROOT
aarets-historie	78	2	!	!	PUNCT	PUNCT	_	1	punct
aarets-historie	79	0	hvor	hvor	ADV	ADV	_	4	advmod
aarets-historie	79	1	er	være	AUX	AUX	Mood=Ind|Tense=Pres|VerbForm=Fin|Voice=Act	4	cop
aarets-historie	79	2	Herskabet	Herska	NOUN	NOUN	Definite=Def|Gender=Neut|Number=Sing	4	nsubj
aarets-historie	79	3	blevet	blive	VERB	VERB	Definite=Ind|Number=Sing|Tense=Past|VerbForm=Part	4	cop
aarets-historie	79	4	af	af	ADV	ADV	_	4	ROOT
aarets-historie	79	5	!	!	PUNCT	PUNCT	_	4	punct
aarets-historie	80	0	de	de	PRON	PRON	Case=Nom|Number=Plur|Person=3|PronType=Prs	4	nsubj
aarets-historie	80	1	kan	kunne	AUX	AUX	Mood=Ind|Tense=Pres|VerbForm=Fin|Voice=Act	4	aux
aarets-historie	80	2	nok	nok	ADV	ADV	_	4	advmod
aarets-historie	80	3	ikke	ikke	ADV	ADV	_	4	advmod
aarets-historie	80	4	tåle	tåle	VERB	VERB	VerbForm=Inf|Voice=Act	4	ROOT
aarets-historie	80	5	at	at	SCONJ	SCONJ	_	7	mark
aarets-historie	80	6	det	det	PRON	PRON	Case=Acc|Gender=Neut|Number=Sing|Person=3|PronType=Prs	7	nsubj
aarets-historie	80	7	blæser	blæse	VERB	VERB	Mood=Ind|Tense=Pres|VerbForm=Fin|Voice=Act	4	obj
aarets-historie	80	8	på	på	ADP	ADP	AdpType=Prep	9	case
aarets-historie	80	9	dem	de	PRON	PRON	Case=Acc|Number=Plur|Person=3|PronType=Prs	7	obl
aarets-historie	80	10	,	,	PUNCT	PUNCT	_	15	punct
aarets-historie	80	11	og	og	CCONJ	CCONJ	_	15	cc
aarets-historie	80	12	så	så	ADV	ADV	_	15	advmod
aarets-historie	80	13	er	være	AUX	AUX	Mood=Ind|Tense=Pres|VerbForm=Fin|Voice=Act	15	aux
aarets-historie	80	14	de	de	PRON	PRON	Case=Nom|Number=Plur|Person=3|PronType=Prs	15	nsubj
aarets-historie	80	15	taget	tage	VERB	VERB	Definite=Ind|Number=Sing|Tense=Past|VerbForm=Part	4	conj
aarets-historie	80	16	ud	ud	ADV	ADV	_	15	advmod:lmod
aarets-historie	80	17	af	af	ADP	ADP	AdpType=Prep	18	case
aarets-historie	80	18	Landet	land	NOUN	NOUN	Definite=Def|Gender=Neut|Number=Sing	16	obl
aarets-historie	80	19	!	!	PUNCT	PUNCT	_	4	punct
aarets-historie	81	0	Lykke	Lykke	PROPN	PROPN	_	0	ROOT
aarets-historie	81	1	på	på	ADP	ADP	AdpType=Prep	2	case
aarets-historie	81	2	Rejsen	Rejse	NOUN	NOUN	Definite=Def|Gender=Com|Number=Sing	0	nmod
aarets-historie	81	3	!	!	PUNCT	PUNCT	_	0	punct
aarets-historie	81	4	«	«	NOUN	NOUN	Definite=Ind|Gender=Com|Number=Sing	0	list
aarets-historie	81	5	"
"	"
"	SPACE	SPACE	_	4	dep
aarets-historie	81	6	Og	og	CCONJ	CCONJ	_	7	cc
aarets-historie	81	7	mere	mere	ADJ	ADJ	Definite=Ind|Degree=Cmp|Number=Sing	13	nsubj
aarets-historie	81	8	og	og	CCONJ	CCONJ	_	9	cc
aarets-historie	81	9	mere	mere	ADV	ADV	Degree=Cmp	7	conj
aarets-historie	81	10	gul	gul	ADJ	ADJ	Definite=Ind|Degree=Pos|Gender=Com|Number=Sing	7	conj
aarets-historie	81	11	blev	blive	AUX	AUX	Mood=Ind|Tense=Past|VerbForm=Fin|Voice=Act	13	cop
aarets-historie	81	12	Skovens	skov	NOUN	NOUN	Case=Gen|Definite=Def|Gender=Com|Number=Sing	13	nmod:poss
aarets-historie	81	13	Blade	blad	NOUN	NOUN	Definite=Ind|Gender=Neut|Number=Plur	16	nsubj
aarets-historie	81	14	og	og	CCONJ	CCONJ	_	15	cc
aarets-historie	81	15	Løv	Løv	PROPN	PROPN	_	13	conj
aarets-historie	81	16	faldt	falde	VERB	VERB	Mood=Ind|Tense=Past|VerbForm=Fin|Voice=Act	16	ROOT
aarets-historie	81	17	på	på	ADP	ADP	AdpType=Prep	18	case
aarets-historie	81	18	Løv	Løv	PROPN	PROPN	_	16	obl
aarets-historie	81	19	,	,	PUNCT	PUNCT	_	22	punct
aarets-historie	81	20	Efterårets	Efterårets	NOUN	NOUN	Case=Gen|Definite=Def|Gender=Neut|Number=Sing	22	nmod:poss
aarets-historie	81	21	Storme	Storm	ADJ	ADJ	Definite=Def|Degree=Pos|Number=Sing	22	amod
aarets-historie	81	22	suste	sust	NOUN	NOUN	Definite=Ind|Gender=Com|Number=Plur	16	obl
aarets-historie	81	23	,	,	PUNCT	PUNCT	_	22	punct
aarets-historie	81	24	det	det	PRON	PRON	Case=Acc|Gender=Neut|Number=Sing|Person=3|PronType=Prs	26	nsubj
aarets-historie	81	25	var	være	AUX	AUX	Mood=Ind|Tense=Past|VerbForm=Fin|Voice=Act	26	cop
aarets-historie	81	26	sent	sent	ADV	ADV	Degree=Pos	16	amod
aarets-historie	81	27	på	på	ADP	ADP	AdpType=Prep	29	case
aarets-historie	81	28	Høstens	Høsten	NOUN	NOUN	Case=Gen|Definite=Def|Gender=Com|Number=Sing	29	nmod:poss
aarets-historie	81	29	Tid	tid	NOUN	NOUN	Definite=Ind|Gender=Com|Number=Sing	26	obl
aarets-historie	81	30	.	.	PUNCT	PUNCT	_	16	punct
aarets-historie	82	0	Og	og	CCONJ	CCONJ	_	7	cc
aarets-historie	82	1	på	på	ADP	ADP	AdpType=Prep	5	case
aarets-historie	82	2	det	den	DET	DET	Gender=Neut|Number=Sing|PronType=Dem	5	det
aarets-historie	82	3	gule	gul	ADJ	ADJ	Definite=Def|Degree=Pos|Number=Sing	5	amod
aarets-historie	82	4	Løvfald	Løvfald	PROPN	PROPN	_	5	nmod
aarets-historie	82	5	låe	låe	NOUN	NOUN	Definite=Ind|Gender=Com|Number=Sing	7	nmod
aarets-historie	82	6	Årets	Årets	NOUN	NOUN	Case=Gen|Definite=Def|Gender=Neut|Number=Sing	7	nmod:poss
aarets-historie	82	7	Dronning	dronning	NOUN	NOUN	Definite=Ind|Gender=Com|Number=Sing	7	ROOT
aarets-historie	82	8	og	og	CCONJ	CCONJ	_	9	cc
aarets-historie	82	9	såe	såe	ADV	ADV	Degree=Pos	7	conj
aarets-historie	82	10	med	med	ADP	ADP	AdpType=Prep	12	case
aarets-historie	82	11	milde	milde	ADJ	ADJ	Degree=Pos|Number=Plur	12	amod
aarets-historie	82	12	Øjne	Øje	NOUN	NOUN	Definite=Ind|Gender=Neut|Number=Plur	7	nmod
aarets-historie	82	13	mod	mod	ADP	ADP	AdpType=Prep	16	case
aarets-historie	82	14	den	den	DET	DET	Gender=Com|Number=Sing|PronType=Dem	16	det
aarets-historie	82	15	blinkende	blinke	VERB	VERB	Tense=Pres|VerbForm=Part	16	amod
aarets-historie	82	16	Stjerne	stjerne	NOUN	NOUN	Definite=Def|Gender=Com|Number=Plur	12	nmod
aarets-historie	82	17	,	,	PUNCT	PUNCT	_	21	punct
aarets-historie	82	18	og	og	CCONJ	CCONJ	_	21	cc
aarets-historie	82	19	hendes	hendes	DET	DET	Number[psor]=Sing|Person=3|Poss=Yes|PronType=Prs	20	det
aarets-historie	82	20	Husbond	husbond	NOUN	NOUN	Definite=Ind|Gender=Neut|Number=Sing	21	nsubj
aarets-historie	82	21	stod	stå	VERB	VERB	Mood=Ind|Tense=Past|VerbForm=Fin|Voice=Act	7	conj
aarets-historie	82	22	hos	hos	ADP	ADP	AdpType=Prep	23	case
aarets-historie	82	23	hende	hun	PRON	PRON	Case=Acc|Gender=Com|Number=Sing|Person=3|PronType=Prs	21	obl
aarets-historie	82	24	.	.	PUNCT	PUNCT	_	7	punct
aarets-historie	83	0	Et	en	DET	DET	Gender=Neut|Number=Sing|PronType=Ind	1	det
aarets-historie	83	1	Vindstød	vindstød	NOUN	NOUN	Definite=Ind|Gender=Neut|Number=Sing	2	nsubj
aarets-historie	83	2	hvirvlede	hvirvle	VERB	VERB	Mood=Ind|Tense=Past|VerbForm=Fin|Voice=Act	7	ccomp
aarets-historie	83	3	i	i	ADP	ADP	AdpType=Prep	4	case
aarets-historie	83	4	Løvet	Løvet	NOUN	NOUN	Definite=Def|Gender=Neut|Number=Sing	2	obl
aarets-historie	83	5	–	–	PUNCT	PUNCT	_	2	advmod
aarets-historie	83	6	det	det	PRON	PRON	Case=Acc|Gender=Neut|Number=Sing|Person=3|PronType=Prs	2	nsubj
aarets-historie	83	7	faldt	falde	VERB	VERB	Mood=Ind|Tense=Past|VerbForm=Fin|Voice=Act	7	ROOT
aarets-historie	83	8	igen	igen	ADV	ADV	_	7	advmod
aarets-historie	83	9	,	,	PUNCT	PUNCT	_	7	punct
aarets-historie	83	10	da	da	ADV	ADV	_	13	advmod
aarets-historie	83	11	var	være	AUX	AUX	Mood=Ind|Tense=Past|VerbForm=Fin|Voice=Act	13	cop
aarets-historie	83	12	hun	hun	PRON	PRON	Case=Nom|Gender=Com|Number=Sing|Person=3|PronType=Prs	13	nsubj
aarets-historie	83	13	borte	borte	ADV	ADV	_	7	dep
aarets-historie	83	14	,	,	PUNCT	PUNCT	_	22	punct
aarets-historie	83	15	men	men	CCONJ	CCONJ	_	22	cc
aarets-historie	83	16	en	en	DET	DET	Gender=Com|Number=Sing|PronType=Ind	17	det
aarets-historie	83	17	Sommerfugl	Sommerfugl	NOUN	NOUN	Definite=Ind|Gender=Com|Number=Sing	15	nmod
aarets-historie	83	18	,	,	PUNCT	PUNCT	_	19	punct
aarets-historie	83	19	Årets	Årets	NOUN	NOUN	Case=Gen|Definite=Def|Gender=Neut|Number=Sing	15	dep
aarets-historie	83	20	sidste	sidste	ADJ	ADJ	Degree=Pos	19	amod
aarets-historie	83	21	,	,	PUNCT	PUNCT	_	19	punct
aarets-historie	83	22	fløj	flyve	VERB	VERB	Mood=Ind|Tense=Past|VerbForm=Fin|Voice=Act	13	conj
aarets-historie	83	23	gennem	gennem	ADP	ADP	AdpType=Prep	26	case
aarets-historie	83	24	den	den	DET	DET	Gender=Com|Number=Sing|PronType=Dem	26	det
aarets-historie	83	25	kolde	kold	ADJ	ADJ	Definite=Def|Degree=Pos|Number=Sing	26	amod
aarets-historie	83	26	Luft	Luft	NOUN	NOUN	Definite=Ind|Gender=Com|Number=Sing	22	obl
aarets-historie	83	27	.	.	PUNCT	PUNCT	_	7	punct
aarets-historie	84	0	Og	og	CCONJ	CCONJ	_	4	cc
aarets-historie	84	1	de	den	DET	DET	Number=Plur|PronType=Dem	3	det
aarets-historie	84	2	våde	våd	ADJ	ADJ	Degree=Pos|Number=Plur	3	amod
aarets-historie	84	3	Tåger	Tåger	PROPN	PROPN	_	4	nsubj
aarets-historie	84	4	kom	komme	VERB	VERB	Mood=Ind|Tense=Past|VerbForm=Fin|Voice=Act	4	ROOT
aarets-historie	84	5	,	,	PUNCT	PUNCT	_	4	punct
aarets-historie	84	6	den	den	DET	DET	Gender=Com|Number=Sing|PronType=Dem	8	det
aarets-historie	84	7	isnende	isnende	ADJ	ADJ	Degree=Pos	8	amod
aarets-historie	84	8	Blæst	blæst	NOUN	NOUN	Definite=Ind|Gender=Com|Number=Sing	4	nsubj
aarets-historie	84	9	og	og	CCONJ	CCONJ	_	8	dep
aarets-historie	84	10	de	den	DET	DET	Number=Plur|PronType=Dem	11	det
aarets-historie	84	11	mørke	mørk	ADJ	ADJ	Degree=Pos|Number=Plur	8	conj
aarets-historie	84	12	,	,	PUNCT	PUNCT	_	11	punct
aarets-historie	84	13	længste	læng	ADJ	ADJ	Definite=Def|Degree=Sup	14	amod
aarets-historie	84	14	Nætter	Nætter	NOUN	NOUN	Definite=Ind|Gender=Com|Number=Plur	8	nmod
aarets-historie	84	15	.	.	PUNCT	PUNCT	_	4	punct
aarets-historie	85	0	Årets	Årets	NOUN	NOUN	Case=Gen|Definite=Def|Gender=Neut|Number=Sing	1	nmod:poss
aarets-historie	85	1	Drot	Drot	PROPN	PROPN	_	2	nsubj
aarets-historie	85	2	stod	stå	VERB	VERB	Mood=Ind|Tense=Past|VerbForm=Fin|Voice=Act	2	ROOT
aarets-historie	85	3	med	med	ADP	ADP	AdpType=Prep	5	case
aarets-historie	85	4	snehvidt	snehvid	ADJ	ADJ	Definite=Ind|Degree=Pos|Gender=Neut|Number=Sing	5	amod
aarets-historie	85	5	Hår	Hår	NOUN	NOUN	Definite=Ind|Gender=Neut|Number=Sing	2	obl
aarets-historie	85	6	,	,	PUNCT	PUNCT	_	9	punct
aarets-historie	85	7	men	men	CCONJ	CCONJ	_	9	cc
aarets-historie	85	8	han	han	PRON	PRON	Case=Nom|Gender=Com|Number=Sing|Person=3|PronType=Prs	9	nsubj
aarets-historie	85	9	vidste	vide	VERB	VERB	Mood=Ind|Tense=Past|VerbForm=Fin|Voice=Act	2	conj
aarets-historie	85	10	det	det	PRON	PRON	Case=Acc|Gender=Neut|Number=Sing|Person=3|PronType=Prs	9	obj
aarets-historie	85	11	ikke	ikke	ADV	ADV	_	9	advmod
aarets-historie	85	12	selv	selv	PRON	PRON	PronType=Dem	9	obl
aarets-historie	85	13	,	,	PUNCT	PUNCT	_	9	punct
aarets-historie	85	14	han	han	PRON	PRON	Case=Nom|Gender=Com|Number=Sing|Person=3|PronType=Prs	15	nsubj
aarets-historie	85	15	troede	tro	VERB	VERB	Mood=Ind|Tense=Past|VerbForm=Fin|Voice=Act	8	acl:relcl
aarets-historie	85	16	,	,	PUNCT	PUNCT	_	15	punct
aarets-historie	85	17	at	at	SCONJ	SCONJ	_	20	mark
aarets-historie	85	18	det	det	PRON	PRON	Case=Acc|Gender=Neut|Number=Sing|Person=3|PronType=Prs	20	nsubj
aarets-historie	85	19	var	være	AUX	AUX	Mood=Ind|Tense=Past|VerbForm=Fin|Voice=Act	20	cop
aarets-historie	85	20	Snefnokkene	Snefnokk	NOUN	NOUN	Definite=Def|Gender=Com|Number=Plur	15	ccomp
aarets-historie	85	21	,	,	PUNCT	PUNCT	_	20	punct
aarets-historie	85	22	som	som	PRON	PRON	PartType=Inf	23	nsubj
aarets-historie	85	23	faldt	falde	VERB	VERB	Mood=Ind|Tense=Past|VerbForm=Fin|Voice=Act	18	acl:relcl
aarets-historie	85	24	fra	fra	ADP	ADP	AdpType=Prep	25	case
aarets-historie	85	25	Skyen	sky	NOUN	NOUN	Definite=Def|Gender=Com|Number=Sing	23	obl
aarets-historie	85	26	;	;	PUNCT	PUNCT	_	29	punct
aarets-historie	85	27	et	en	DET	DET	Gender=Neut|Number=Sing|PronType=Ind	29	det
aarets-historie	85	28	tyndt	tynd	ADJ	ADJ	Definite=Ind|Degree=Pos|Gender=Neut|Number=Sing	29	amod
aarets-historie	85	29	Snelag	Snelag	PROPN	PROPN	_	20	conj
aarets-historie	85	30	låe	låe	NOUN	NOUN	Definite=Ind|Gender=Com|Number=Sing	29	nmod
aarets-historie	85	31	hen	hen	ADV	ADV	_	29	advmod
aarets-historie	85	32	over	over	ADP	ADP	AdpType=Prep	35	case
aarets-historie	85	33	den	den	DET	DET	Gender=Com|Number=Sing|PronType=Dem	35	det
aarets-historie	85	34	grønne	grøn	ADJ	ADJ	Definite=Def|Degree=Pos|Number=Sing	35	amod
aarets-historie	85	35	Mark	Mark	PROPN	PROPN	_	31	obl
aarets-historie	85	36	.	.	PUNCT	PUNCT	_	2	punct
aarets-historie	86	0	Og	og	CCONJ	CCONJ	_	2	cc
aarets-historie	86	1	Kirkeklokkerne	Kirkeklokkerne	NOUN	NOUN	Definite=Def|Gender=Com|Number=Plur	2	nsubj
aarets-historie	86	2	ringede	ringe	VERB	VERB	Mood=Ind|Tense=Past|VerbForm=Fin|Voice=Act	2	ROOT
aarets-historie	86	3	til	til	ADP	ADP	AdpType=Prep	4	case
aarets-historie	86	4	Juletid	Juletid	NOUN	NOUN	Definite=Ind|Gender=Com|Number=Sing	2	obl
aarets-historie	86	5	.	.	PUNCT	PUNCT	_	2	punct
aarets-historie	87	0	»	»	NOUN	NOUN	Definite=Ind|Gender=Com|Number=Sing	1	nmod
aarets-historie	87	1	Fødselsklokkerne	Fødselsklokkerne	NOUN	NOUN	Definite=Def|Gender=Com|Number=Plur	4	nmod:poss
aarets-historie	87	2	ringe	ring	NOUN	NOUN	Definite=Ind|Gender=Com|Number=Plur	1	nmod:poss
aarets-historie	87	3	!	!	PUNCT	PUNCT	_	1	punct
aarets-historie	87	4	«	«	NOUN	NOUN	Definite=Ind|Gender=Com|Number=Sing	6	nsubj
aarets-historie	87	5	"
"	"
"	SPACE	SPACE	_	4	dep
aarets-historie	87	6	sagde	sige	VERB	VERB	Mood=Ind|Tense=Past|VerbForm=Fin|Voice=Act	6	ROOT
aarets-historie	87	7	Årets	År	NOUN	NOUN	Case=Gen|Definite=Def|Gender=Neut|Number=Sing	8	nmod:poss
aarets-historie	87	8	Drot	Drot	PROPN	PROPN	_	6	nsubj
aarets-historie	87	9	,	,	PUNCT	PUNCT	_	8	punct
aarets-historie	87	10	»	»	PROPN	PROPN	_	12	nsubj
aarets-historie	87	11	snart	snart	ADV	ADV	_	12	advmod
aarets-historie	87	12	fødes	føde	VERB	VERB	Mood=Ind|Tense=Pres|VerbForm=Fin|Voice=Pass	6	ccomp
aarets-historie	87	13	det	den	DET	DET	Gender=Neut|Number=Sing|PronType=Dem	15	det
aarets-historie	87	14	nye	ny	ADJ	ADJ	Definite=Def|Degree=Pos|Number=Sing	15	amod
aarets-historie	87	15	Hersker-Par	hersker-Par	NOUN	NOUN	Definite=Ind|Gender=Com|Number=Sing	12	obj
aarets-historie	87	16	;	;	PUNCT	PUNCT	_	19	punct
aarets-historie	87	17	og	og	CCONJ	CCONJ	_	19	cc
aarets-historie	87	18	jeg	jeg	PRON	PRON	Case=Nom|Gender=Com|Number=Sing|Person=1|PronType=Prs	19	nsubj
aarets-historie	87	19	får	få	VERB	VERB	Mood=Ind|Tense=Pres|VerbForm=Fin|Voice=Act	12	conj
aarets-historie	87	20	Hvile	hvile	NOUN	NOUN	Definite=Ind|Gender=Com|Number=Sing	19	obj
aarets-historie	87	21	,	,	PUNCT	PUNCT	_	20	punct
aarets-historie	87	22	som	som	ADP	ADP	PartType=Inf	20	dep
aarets-historie	87	23	hun	hun	PRON	PRON	Case=Nom|Gender=Com|Number=Sing|Person=3|PronType=Prs	22	nsubj
aarets-historie	87	24	!	!	PUNCT	PUNCT	_	12	punct
aarets-historie	88	0	Hvile	hvile	NOUN	NOUN	Definite=Ind|Gender=Com|Number=Sing	0	ROOT
aarets-historie	88	1	i	i	ADP	ADP	AdpType=Prep	4	case
aarets-historie	88	2	den	den	DET	DET	Gender=Com|Number=Sing|PronType=Dem	4	det
aarets-historie	88	3	blinkende	blinke	VERB	VERB	Tense=Pres|VerbForm=Part	4	amod
aarets-historie	88	4	Stjerne	stjerne	NOUN	NOUN	Definite=Def|Gender=Com|Number=Plur	0	nmod
aarets-historie	88	5	!	!	PUNCT	PUNCT	_	0	punct
aarets-historie	88	6	«	«	NOUN	NOUN	Definite=Ind|Gender=Com|Number=Sing	0	nmod
aarets-historie	88	7	"
"	"
"	SPACE	SPACE	_	6	dep
aarets-historie	88	8	Og	og	CCONJ	CCONJ	_	13	cc
aarets-historie	88	9	i	i	ADP	ADP	AdpType=Prep	13	case
aarets-historie	88	10	den	den	DET	DET	Gender=Com|Number=Sing|PronType=Dem	13	det
aarets-historie	88	11	friske	frisk	ADJ	ADJ	Definite=Def|Degree=Pos|Number=Sing	13	amod
aarets-historie	88	12	grønne	grøn	ADJ	ADJ	Definite=Def|Degree=Pos|Number=Sing	13	amod
aarets-historie	88	13	Granskov	Granskov	PROPN	PROPN	_	13	ROOT
aarets-historie	88	14	,	,	PUNCT	PUNCT	_	13	punct
aarets-historie	88	15	hvor	hvor	ADV	ADV	_	19	advmod
aarets-historie	88	16	snen	sn	NOUN	NOUN	Definite=Def|Gender=Com|Number=Sing	19	dep
aarets-historie	88	17	låe	låe	NOUN	NOUN	Definite=Ind|Gender=Com|Number=Sing	16	flat
aarets-historie	88	18	,	,	PUNCT	PUNCT	_	16	punct
aarets-historie	88	19	stod	stå	VERB	VERB	Mood=Ind|Tense=Past|VerbForm=Fin|Voice=Act	13	acl:relcl
aarets-historie	88	20	Jule-Engelen	Jule-Engelen	PROPN	PROPN	_	19	nsubj
aarets-historie	88	21	og	og	CCONJ	CCONJ	_	22	cc
aarets-historie	88	22	indviede	indvie	VERB	VERB	Mood=Ind|Tense=Past|VerbForm=Fin|Voice=Act	19	conj
aarets-historie	88	23	de	den	DET	DET	Number=Plur|PronType=Dem	25	det
aarets-historie	88	24	unge	ung	ADJ	ADJ	Degree=Pos|Number=Plur	25	amod
aarets-historie	88	25	Træer	Træer	NOUN	NOUN	Definite=Ind|Gender=Neut|Number=Plur	22	obj
aarets-historie	88	26	,	,	PUNCT	PUNCT	_	25	punct
aarets-historie	88	27	der	der	PRON	PRON	PartType=Inf	28	nsubj
aarets-historie	88	28	skulde	skulde	VERB	VERB	Mood=Ind|Tense=Pres|VerbForm=Fin|Voice=Act	25	acl:relcl
aarets-historie	88	29	til	til	ADP	ADP	AdpType=Prep	31	case
aarets-historie	88	30	dens	dens	DET	DET	Number[psor]=Sing|Person=3|Poss=Yes|PronType=Prs	31	det
aarets-historie	88	31	Fest	fest	NOUN	NOUN	Definite=Ind|Gender=Com|Number=Sing	28	obl
aarets-historie	88	32	.	.	PUNCT	PUNCT	_	13	punct
aarets-historie	89	0	»	»	PROPN	PROPN	_	1	punct
aarets-historie	89	1	Glæde	glæde	NOUN	NOUN	Definite=Ind|Gender=Com|Number=Sing	12	nsubj
aarets-historie	89	2	i	i	ADP	ADP	AdpType=Prep	3	case
aarets-historie	89	3	Stuen	stue	NOUN	NOUN	Definite=Def|Gender=Com|Number=Sing	1	nmod
aarets-historie	89	4	og	og	CCONJ	CCONJ	_	1	cc
aarets-historie	89	5	under	under	ADP	ADP	AdpType=Prep	8	case
aarets-historie	89	6	de	den	DET	DET	Number=Plur|PronType=Dem	8	det
aarets-historie	89	7	grønne	grøn	ADJ	ADJ	Degree=Pos|Number=Plur	8	amod
aarets-historie	89	8	Grene	Grene	NOUN	NOUN	Definite=Ind|Gender=Neut|Number=Plur	1	nmod
aarets-historie	89	9	!	!	PUNCT	PUNCT	_	8	punct
aarets-historie	89	10	«	«	NOUN	NOUN	Definite=Ind|Gender=Com|Number=Sing	1	list
aarets-historie	89	11	"
"	"
"	SPACE	SPACE	_	10	dep
aarets-historie	89	12	sagde	sige	VERB	VERB	Mood=Ind|Tense=Past|VerbForm=Fin|Voice=Act	12	ROOT
aarets-historie	89	13	Årets	År	NOUN	NOUN	Case=Gen|Definite=Def|Gender=Neut|Number=Sing	15	nmod:poss
aarets-historie	89	14	gamle	gammel	ADJ	ADJ	Definite=Def|Degree=Pos|Number=Sing	15	amod
aarets-historie	89	15	Drot	Drot	PROPN	PROPN	_	19	nsubj
aarets-historie	89	16	,	,	PUNCT	PUNCT	_	15	punct
aarets-historie	89	17	Uger	Uger	NOUN	NOUN	Definite=Ind|Gender=Com|Number=Plur	15	conj
aarets-historie	89	18	havde	have	AUX	AUX	Mood=Ind|Tense=Past|VerbForm=Fin|Voice=Act	19	aux
aarets-historie	89	19	ældet	ælde	VERB	VERB	Definite=Ind|Number=Sing|Tense=Past|VerbForm=Part	12	nsubj
aarets-historie	89	20	ham	han	PRON	PRON	Case=Acc|Gender=Com|Number=Sing|Person=3|PronType=Prs	19	obj
aarets-historie	89	21	til	til	ADP	ADP	AdpType=Prep	23	case
aarets-historie	89	22	snehvid	snehvid	NOUN	NOUN	Case=Gen|Definite=Def|Gender=Com|Number=Sing	23	nmod:poss
aarets-historie	89	23	Gubbe	Gubbe	PROPN	PROPN	_	19	obl
aarets-historie	89	24	;	;	PUNCT	PUNCT	_	31	punct
aarets-historie	89	25	»	»	NOUN	NOUN	Definite=Ind|Gender=Com|Number=Sing	31	dep
aarets-historie	89	26	det	det	PRON	PRON	Case=Acc|Gender=Neut|Number=Sing|Person=3|PronType=Prs	25	nmod
aarets-historie	89	27	,	,	PUNCT	PUNCT	_	26	punct
aarets-historie	89	28	Årets	Årets	NOUN	NOUN	Case=Gen|Definite=Def|Gender=Neut|Number=Sing	30	nmod:poss
aarets-historie	89	29	unge	ung	ADJ	ADJ	Degree=Pos|Number=Plur	30	amod
aarets-historie	89	30	Par	par	NOUN	NOUN	Definite=Ind|Gender=Neut|Number=Plur	31	nsubj
aarets-historie	89	31	får	få	VERB	VERB	Mood=Ind|Tense=Pres|VerbForm=Fin|Voice=Act	12	conj
aarets-historie	89	32	nu	nu	ADV	ADV	_	31	advmod
aarets-historie	89	33	Krone	krone	NOUN	NOUN	Definite=Ind|Gender=Com|Number=Sing	31	obj
aarets-historie	89	34	og	og	CCONJ	CCONJ	_	35	cc
aarets-historie	89	35	Scepter	scepter	NOUN	NOUN	Definite=Ind|Gender=Com|Number=Plur	33	conj
aarets-historie	89	36	!	!	PUNCT	PUNCT	_	12	punct
aarets-historie	89	37	«	«	NOUN	NOUN	Definite=Ind|Gender=Com|Number=Sing	37	ROOT
aarets-historie	89	38	"
"	"
"	SPACE	SPACE	_	37	dep
aarets-historie	89	39	»	»	PROPN	PROPN	_	37	punct
aarets-historie	89	40	Og	og	CCONJ	CCONJ	_	44	cc
aarets-historie	89	41	Magten	Magten	NOUN	NOUN	Definite=Def|Gender=Com|Number=Sing	44	nsubj
aarets-historie	89	42	er	være	AUX	AUX	Mood=Ind|Tense=Pres|VerbForm=Fin|Voice=Act	44	cop
aarets-historie	89	43	dog	dog	ADV	ADV	_	44	advmod
aarets-historie	89	44	din	din	PRON	PRON	Case=Nom|Gender=Com|Number=Sing|Person=2|PronType=Prs	48	nsubj
aarets-historie	89	45	!	!	PUNCT	PUNCT	_	44	punct
aarets-historie	89	46	«	«	NOUN	NOUN	Definite=Ind|Gender=Com|Number=Sing	44	nmod
aarets-historie	89	47	"
"	"
"	SPACE	SPACE	_	46	dep
aarets-historie	89	48	sagde	sige	VERB	VERB	Mood=Ind|Tense=Past|VerbForm=Fin|Voice=Act	48	ROOT
aarets-historie	89	49	Jule-Engelen	Jule-Engelen	PROPN	PROPN	_	48	nsubj
aarets-historie	89	50	,	,	PUNCT	PUNCT	_	52	punct
aarets-historie	89	51	»	»	PROPN	PROPN	_	52	punct
aarets-historie	89	52	Magten	magt	NOUN	NOUN	Definite=Def|Gender=Com|Number=Sing	48	obj
aarets-historie	89	53	og	og	CCONJ	CCONJ	_	48	dep
aarets-historie	89	54	ikke	ikke	ADV	ADV	_	55	advmod
aarets-historie	89	55	Hvilen	Hvilen	NOUN	NOUN	Definite=Def|Gender=Com|Number=Sing	48	obj
aarets-historie	89	56	!	!	PUNCT	PUNCT	_	48	punct
aarets-historie	90	0	Lad	lade	VERB	VERB	Mood=Imp	0	ROOT
aarets-historie	90	1	snen	sn	NOUN	NOUN	Definite=Def|Gender=Com|Number=Sing	0	obj
aarets-historie	90	2	ligge	ligge	VERB	VERB	VerbForm=Inf|Voice=Act	0	xcomp
aarets-historie	90	3	varmende	varmende	ADV	ADV	Degree=Pos	2	advmod
aarets-historie	90	4	hen	hen	ADV	ADV	_	2	advmod:lmod
aarets-historie	90	5	over	over	ADP	ADP	AdpType=Prep	8	case
aarets-historie	90	6	den	den	DET	DET	Gender=Com|Number=Sing|PronType=Dem	8	det
aarets-historie	90	7	unge	ung	ADJ	ADJ	Definite=Def|Degree=Pos|Number=Sing	8	amod
aarets-historie	90	8	Sæd	sæd	NOUN	NOUN	Definite=Ind|Gender=Com|Number=Sing	4	obl
aarets-historie	90	9	!	!	PUNCT	PUNCT	_	2	punct
aarets-historie	91	0	lær	lær	X	X	_	0	ROOT
aarets-historie	91	1	at	at	PART	PART	PartType=Inf	2	mark
aarets-historie	91	2	bære	bære	VERB	VERB	VerbForm=Inf|Voice=Act	0	obj
aarets-historie	91	3	det	det	PRON	PRON	Case=Acc|Gender=Neut|Number=Sing|Person=3|PronType=Prs	2	obj
aarets-historie	91	4	,	,	PUNCT	PUNCT	_	0	punct
aarets-historie	91	5	at	at	SCONJ	SCONJ	_	8	mark
aarets-historie	91	6	en	en	DET	DET	Gender=Com|Number=Sing|PronType=Ind	7	det
aarets-historie	91	7	Anden	Anden	ADJ	ADJ	NumType=Ord	8	nsubj
aarets-historie	91	8	hyldes	hylde	VERB	VERB	Mood=Ind|Tense=Pres|VerbForm=Fin|Voice=Pass	0	acl:relcl
aarets-historie	91	9	og	og	CCONJ	CCONJ	_	13	cc
aarets-historie	91	10	du	du	PRON	PRON	Case=Nom|Gender=Com|Number=Sing|Person=2|PronType=Prs	13	nsubj
aarets-historie	91	11	dog	dog	ADV	ADV	_	13	advmod
aarets-historie	91	12	er	være	AUX	AUX	Mood=Ind|Tense=Pres|VerbForm=Fin|Voice=Act	13	cop
aarets-historie	91	13	Hersker	hersker	NOUN	NOUN	Definite=Ind|Gender=Com|Number=Sing	8	conj
aarets-historie	91	14	,	,	PUNCT	PUNCT	_	13	punct
aarets-historie	91	15	lær	lære	X	X	_	13	amod
aarets-historie	91	16	at	at	PART	PART	PartType=Inf	18	mark
aarets-historie	91	17	være	være	AUX	AUX	VerbForm=Inf|Voice=Act	18	cop
aarets-historie	91	18	glemt	glemme	VERB	VERB	Definite=Ind|Number=Sing|Tense=Past|VerbForm=Part	8	ccomp
aarets-historie	91	19	og	og	CCONJ	CCONJ	_	20	cc
aarets-historie	91	20	dog	dog	ADV	ADV	_	18	conj
aarets-historie	91	21	at	at	PART	PART	PartType=Inf	22	mark
aarets-historie	91	22	leve	leve	VERB	VERB	VerbForm=Inf|Voice=Act	18	advcl
aarets-historie	91	23	!	!	PUNCT	PUNCT	_	0	punct
aarets-historie	92	0	din	din	DET	DET	Gender=Com|Number=Sing|Number[psor]=Sing|Person=2|Poss=Yes|PronType=Prs	1	det
aarets-historie	92	1	Friheds	friheds	NOUN	NOUN	Case=Gen|Definite=Ind|Gender=Com|Number=Sing	2	nmod:poss
aarets-historie	92	2	Time	Time	NOUN	NOUN	Definite=Ind|Gender=Com|Number=Sing	3	nsubj
aarets-historie	92	3	kommer	komme	VERB	VERB	Mood=Ind|Tense=Pres|VerbForm=Fin|Voice=Act	3	ROOT
aarets-historie	92	4	,	,	PUNCT	PUNCT	_	3	punct
aarets-historie	92	5	når	når	SCONJ	SCONJ	_	7	mark
aarets-historie	92	6	Våren	Våren	NOUN	NOUN	Definite=Def|Gender=Com|Number=Sing	7	nsubj
aarets-historie	92	7	kommer	komme	VERB	VERB	Mood=Ind|Tense=Pres|VerbForm=Fin|Voice=Act	3	advmod
aarets-historie	92	8	!	!	PUNCT	PUNCT	_	3	punct
aarets-historie	92	9	«	«	NOUN	NOUN	Definite=Ind|Gender=Com|Number=Sing	9	ROOT
aarets-historie	92	10	"
"	"
"	SPACE	SPACE	_	9	dep
aarets-historie	92	11	»	»	PROPN	PROPN	_	9	punct
aarets-historie	92	12	Når	når	ADV	ADV	_	13	advmod
aarets-historie	92	13	kommer	komme	VERB	VERB	Mood=Ind|Tense=Pres|VerbForm=Fin|Voice=Act	13	ROOT
aarets-historie	92	14	Våren	Våren	NOUN	NOUN	Definite=Def|Gender=Com|Number=Sing	13	nsubj
aarets-historie	92	15	?	?	PUNCT	PUNCT	_	13	punct
aarets-historie	92	16	«	«	NOUN	NOUN	Definite=Ind|Gender=Com|Number=Sing	18	nsubj
aarets-historie	92	17	"
"	"
"	SPACE	SPACE	_	16	dep
aarets-historie	92	18	spurgte	spørge	VERB	VERB	Mood=Ind|Tense=Past|VerbForm=Fin|Voice=Act	18	ROOT
aarets-historie	92	19	Vinteren	Vinteren	NOUN	NOUN	Definite=Def|Gender=Com|Number=Sing	18	obj
aarets-historie	92	20	.	.	PUNCT	PUNCT	_	18	punct
aarets-historie	93	0	»	»	NOUN	NOUN	Definite=Ind|Gender=Com|Number=Sing	2	punct
aarets-historie	93	1	Den	den	PRON	PRON	Case=Acc|Gender=Com|Number=Sing|Person=3|PronType=Prs	2	nsubj
aarets-historie	93	2	kommer	komme	VERB	VERB	Mood=Ind|Tense=Pres|VerbForm=Fin|Voice=Act	2	ROOT
aarets-historie	93	3	når	når	SCONJ	SCONJ	_	5	mark
aarets-historie	93	4	Storken	storke	NOUN	NOUN	Definite=Def|Gender=Com|Number=Sing	5	nsubj
aarets-historie	93	5	kommer	komme	VERB	VERB	Mood=Ind|Tense=Pres|VerbForm=Fin|Voice=Act	2	advmod
aarets-historie	93	6	!	!	PUNCT	PUNCT	_	2	punct
aarets-historie	93	7	«	«	NOUN	NOUN	Definite=Ind|Gender=Com|Number=Sing	7	ROOT
aarets-historie	93	8	"
"	"
"	SPACE	SPACE	_	7	dep
aarets-historie	93	9	Og	og	CCONJ	CCONJ	_	16	cc
aarets-historie	93	10	med	med	ADP	ADP	AdpType=Prep	12	case
aarets-historie	93	11	hvide	hvid	ADJ	ADJ	Degree=Pos|Number=Plur	12	amod
aarets-historie	93	12	Lokker	Lokke	NOUN	NOUN	Definite=Ind|Gender=Com|Number=Plur	16	obl
aarets-historie	93	13	og	og	CCONJ	CCONJ	_	15	cc
aarets-historie	93	14	snehvidt	snehvid	ADJ	ADJ	Definite=Ind|Degree=Pos|Number=Sing	15	amod
aarets-historie	93	15	Skæg	skæg	NOUN	NOUN	Definite=Ind|Gender=Com|Number=Sing	12	conj
aarets-historie	93	16	sad	sidde	VERB	VERB	Mood=Ind|Tense=Past|VerbForm=Fin|Voice=Act	16	ROOT
aarets-historie	93	17	Vinteren	vinter	NOUN	NOUN	Definite=Def|Gender=Com|Number=Sing	16	nsubj
aarets-historie	93	18	iskold	iskold	ADJ	ADJ	Definite=Ind|Degree=Pos|Gender=Com|Number=Sing	16	amod
aarets-historie	93	19	,	,	PUNCT	PUNCT	_	20	punct
aarets-historie	93	20	gammel	gammel	ADJ	ADJ	Definite=Ind|Degree=Pos|Gender=Com|Number=Sing	18	conj
aarets-historie	93	21	og	og	CCONJ	CCONJ	_	22	cc
aarets-historie	93	22	bøjet	bøjet	VERB	VERB	Definite=Ind|Number=Sing|Tense=Past|VerbForm=Part	20	conj
aarets-historie	93	23	,	,	PUNCT	PUNCT	_	25	punct
aarets-historie	93	24	men	men	CCONJ	CCONJ	_	25	cc
aarets-historie	93	25	stærk	stærk	ADJ	ADJ	Definite=Ind|Degree=Pos|Gender=Com|Number=Sing	16	conj
aarets-historie	93	26	,	,	PUNCT	PUNCT	_	25	punct
aarets-historie	93	27	som	som	ADP	ADP	PartType=Inf	28	case
aarets-historie	93	28	Vinterstormen	vinterstorm	NOUN	NOUN	Definite=Def|Gender=Com|Number=Sing	25	dep
aarets-historie	93	29	og	og	CCONJ	CCONJ	_	30	cc
aarets-historie	93	30	Isens	Isen	NOUN	NOUN	Case=Gen|Definite=Def|Gender=Com|Number=Sing	28	conj
aarets-historie	93	31	Magt	Magt	NOUN	NOUN	Definite=Ind|Gender=Com|Number=Sing	30	nmod:poss
aarets-historie	93	32	,	,	PUNCT	PUNCT	_	25	punct
aarets-historie	93	33	højt	højt	ADV	ADV	Degree=Pos	25	advmod
aarets-historie	93	34	på	på	ADP	ADP	AdpType=Prep	36	case
aarets-historie	93	35	Bankens	Bankens	NOUN	NOUN	Case=Gen|Definite=Def|Gender=Com|Number=Sing	36	nmod:poss
aarets-historie	93	36	Snedrive	snedrive	NOUN	NOUN	Definite=Ind|Gender=Com|Number=Sing	33	obl
aarets-historie	93	37	og	og	CCONJ	CCONJ	_	38	cc
aarets-historie	93	38	såe	såe	ADV	ADV	_	25	conj
aarets-historie	93	39	mod	mod	ADP	ADP	AdpType=Prep	40	case
aarets-historie	93	40	Syd	syd	NOUN	NOUN	Definite=Ind	38	obl
aarets-historie	93	41	,	,	PUNCT	PUNCT	_	25	punct
aarets-historie	93	42	som	som	ADP	ADP	PartType=Inf	46	dep
aarets-historie	93	43	Vinteren	vinter	NOUN	NOUN	Definite=Def|Gender=Com|Number=Sing	46	nsubj
aarets-historie	93	44	forud	forud	ADV	ADV	_	46	advmod
aarets-historie	93	45	havde	have	AUX	AUX	Mood=Ind|Tense=Past|VerbForm=Fin|Voice=Act	46	aux
aarets-historie	93	46	siddet	sidde	VERB	VERB	Definite=Ind|Number=Sing|Tense=Past|VerbForm=Part	25	acl:relcl
aarets-historie	93	47	og	og	CCONJ	CCONJ	_	48	cc
aarets-historie	93	48	set	se	VERB	VERB	Definite=Ind|Number=Sing|Tense=Past|VerbForm=Part	46	conj
aarets-historie	93	49	.	.	PUNCT	PUNCT	_	16	punct
aarets-historie	94	0	–	–	INTJ	INTJ	_	0	ROOT
aarets-historie	94	1	"
"	"
"	SPACE	SPACE	_	0	dep
aarets-historie	94	2	Isen	isen	NOUN	NOUN	Definite=Def|Gender=Com|Number=Sing	3	nsubj
aarets-historie	94	3	knagede	knage	VERB	VERB	Mood=Ind|Tense=Past|VerbForm=Fin|Voice=Act	31	nsubj
aarets-historie	94	4	,	,	PUNCT	PUNCT	_	6	punct
aarets-historie	94	5	snen	sn	NOUN	NOUN	Definite=Def|Gender=Com|Number=Sing	6	nsubj
aarets-historie	94	6	knirkede	knirke	VERB	VERB	Mood=Ind|Tense=Past|VerbForm=Fin|Voice=Act	3	conj
aarets-historie	94	7	,	,	PUNCT	PUNCT	_	6	punct
aarets-historie	94	8	Skøjteløberne	Skøjteløb	NOUN	NOUN	Definite=Def|Gender=Com|Number=Plur	9	nsubj
aarets-historie	94	9	svang	svinge	VERB	VERB	Mood=Ind|Tense=Past|VerbForm=Fin|Voice=Act	6	ccomp
aarets-historie	94	10	sig	sig	PRON	PRON	Case=Acc|Person=3|PronType=Prs|Reflex=Yes	9	obj
aarets-historie	94	11	på	på	ADP	ADP	AdpType=Prep	14	case
aarets-historie	94	12	de	den	DET	DET	Number=Plur|PronType=Dem	14	det
aarets-historie	94	13	blanke	blank	ADJ	ADJ	Degree=Pos|Number=Plur	14	amod
aarets-historie	94	14	Søer	søer	NOUN	NOUN	Definite=Ind|Gender=Com|Number=Sing	9	obl
aarets-historie	94	15	,	,	PUNCT	PUNCT	_	20	punct
aarets-historie	94	16	og	og	CCONJ	CCONJ	_	20	cc
aarets-historie	94	17	Ravne	Ravne	NOUN	NOUN	Definite=Ind|Gender=Neut|Number=Plur	20	nsubj
aarets-historie	94	18	og	og	CCONJ	CCONJ	_	19	cc
aarets-historie	94	19	Krager	Krage	PROPN	PROPN	_	17	conj
aarets-historie	94	20	toge	tog	NOUN	NOUN	Definite=Ind|Gender=Neut|Number=Plur	9	conj
aarets-historie	94	21	sig	sig	PRON	PRON	Case=Acc|Person=3|PronType=Prs|Reflex=Yes	20	obj
aarets-historie	94	22	godt	godt	ADV	ADV	Degree=Pos	20	advmod
aarets-historie	94	23	ud	ud	ADV	ADV	_	20	advmod
aarets-historie	94	24	på	på	ADP	ADP	AdpType=Prep	27	case
aarets-historie	94	25	den	den	DET	DET	Gender=Com|Number=Sing|PronType=Dem	27	det
aarets-historie	94	26	hvide	hvid	ADJ	ADJ	Definite=Def|Degree=Pos|Number=Sing	27	amod
aarets-historie	94	27	Grund	Grund	NOUN	NOUN	Definite=Ind|Gender=Neut|Number=Sing	23	obl
aarets-historie	94	28	,	,	PUNCT	PUNCT	_	27	punct
aarets-historie	94	29	ingen	ingen	DET	DET	Gender=Com|Number=Sing|PronType=Ind	30	det
aarets-historie	94	30	Vind	Vind	NOUN	NOUN	Definite=Ind|Gender=Com|Number=Sing	31	nsubj
aarets-historie	94	31	rørte	røre	VERB	VERB	Mood=Ind|Tense=Past|VerbForm=Fin|Voice=Act	31	ROOT
aarets-historie	94	32	sig	sig	PRON	PRON	Case=Acc|Person=3|PronType=Prs|Reflex=Yes	31	obj
aarets-historie	94	33	.	.	PUNCT	PUNCT	_	31	punct
aarets-historie	95	0	Og	og	CCONJ	CCONJ	_	5	cc
aarets-historie	95	1	i	i	ADP	ADP	AdpType=Prep	4	case
aarets-historie	95	2	den	den	DET	DET	Gender=Com|Number=Sing|PronType=Dem	4	det
aarets-historie	95	3	stille	stille	ADJ	ADJ	Degree=Pos	4	amod
aarets-historie	95	4	Luft	Luft	NOUN	NOUN	Definite=Ind|Gender=Com|Number=Sing	5	obl
aarets-historie	95	5	knyttede	knytte	VERB	VERB	Mood=Ind|Tense=Past|VerbForm=Fin|Voice=Act	5	ROOT
aarets-historie	95	6	Vinteren	Vinteren	NOUN	NOUN	Definite=Def|Gender=Com|Number=Sing	5	nsubj
aarets-historie	95	7	Hænderne	Hånd	NOUN	NOUN	Definite=Def|Gender=Com|Number=Plur	5	obj
aarets-historie	95	8	,	,	PUNCT	PUNCT	_	13	punct
aarets-historie	95	9	og	og	CCONJ	CCONJ	_	13	cc
aarets-historie	95	10	Isen	isen	NOUN	NOUN	Definite=Def|Gender=Com|Number=Sing	13	nsubj
aarets-historie	95	11	blev	blive	AUX	AUX	Mood=Ind|Tense=Past|VerbForm=Fin|Voice=Act	13	cop
aarets-historie	95	12	Favne	favne	VERB	VERB	Definite=Ind|Number=Sing|Tense=Past|VerbForm=Part	13	advmod
aarets-historie	95	13	tyk	tyk	ADJ	ADJ	Definite=Ind|Degree=Pos|Gender=Com|Number=Sing	5	conj
aarets-historie	95	14	mellem	mellem	ADP	ADP	AdpType=Prep	15	case
aarets-historie	95	15	Landene	Landene	NOUN	NOUN	Definite=Def|Gender=Neut|Number=Plur	13	nmod
aarets-historie	95	16	.	.	PUNCT	PUNCT	_	5	punct
aarets-historie	96	0	Så	så	ADV	ADV	_	1	advmod
aarets-historie	96	1	kom	komme	VERB	VERB	Mood=Ind|Tense=Past|VerbForm=Fin|Voice=Act	1	ROOT
aarets-historie	96	2	igen	igen	ADV	ADV	_	1	advmod
aarets-historie	96	3	Spurvene	Spurv	NOUN	NOUN	Definite=Def|Gender=Com|Number=Plur	1	nsubj
aarets-historie	96	4	fra	fra	ADP	ADP	AdpType=Prep	5	case
aarets-historie	96	5	Byen	by	NOUN	NOUN	Definite=Def|Gender=Com|Number=Sing	3	nmod
aarets-historie	96	6	og	og	CCONJ	CCONJ	_	7	cc
aarets-historie	96	7	spurgte	spørge	VERB	VERB	Mood=Ind|Tense=Past|VerbForm=Fin|Voice=Act	1	conj
aarets-historie	96	8	:	:	PUNCT	PUNCT	_	7	punct
aarets-historie	96	9	»	»	PROPN	PROPN	_	15	punct
aarets-historie	96	10	Hvem	hvem	PRON	PRON	Gender=Com|PronType=Int,Rel	14	nsubj
aarets-historie	96	11	er	være	AUX	AUX	Mood=Ind|Tense=Pres|VerbForm=Fin|Voice=Act	14	cop
aarets-historie	96	12	den	den	DET	DET	Gender=Com|Number=Sing|PronType=Dem	14	det
aarets-historie	96	13	gamle	gammel	ADJ	ADJ	Definite=Def|Degree=Pos|Number=Sing	14	amod
aarets-historie	96	14	Mand	Mand	NOUN	NOUN	Definite=Ind|Gender=Com|Number=Sing	9	ccomp
aarets-historie	96	15	derhenne	derhenne	ADJ	ADJ	Degree=Pos|Number=Plur	7	amod
aarets-historie	96	16	?	?	PUNCT	PUNCT	_	1	punct
aarets-historie	96	17	«	«	NOUN	NOUN	Definite=Ind|Gender=Com|Number=Sing	17	ROOT
aarets-historie	96	18	"
"	"
"	SPACE	SPACE	_	17	dep
aarets-historie	96	19	Og	og	CCONJ	CCONJ	_	21	cc
aarets-historie	96	20	Ravnen	Ravne	NOUN	NOUN	Definite=Def|Gender=Com|Number=Sing	21	nsubj
aarets-historie	96	21	sad	sidde	VERB	VERB	Mood=Ind|Tense=Past|VerbForm=Fin|Voice=Act	21	ROOT
aarets-historie	96	22	der	der	ADV	ADV	PartType=Inf	21	expl
aarets-historie	96	23	igen	igen	ADV	ADV	_	21	advmod
aarets-historie	96	24	,	,	PUNCT	PUNCT	_	27	punct
aarets-historie	96	25	eller	eller	CCONJ	CCONJ	_	21	dep
aarets-historie	96	26	en	en	DET	DET	Gender=Com|Number=Sing|PronType=Ind	27	det
aarets-historie	96	27	Søn	Søn	NOUN	NOUN	Definite=Ind|Gender=Com|Number=Sing	21	conj
aarets-historie	96	28	af	af	ADP	ADP	AdpType=Prep	29	case
aarets-historie	96	29	ham	han	PRON	PRON	Case=Acc|Gender=Com|Number=Sing|Person=3|PronType=Prs	27	nmod
aarets-historie	96	30	,	,	PUNCT	PUNCT	_	27	punct
aarets-historie	96	31	som	som	ADP	ADP	PartType=Inf	35	nsubj
aarets-historie	96	32	er	være	AUX	AUX	Mood=Ind|Tense=Pres|VerbForm=Fin|Voice=Act	35	cop
aarets-historie	96	33	lige	lige	ADV	ADV	_	35	advmod
aarets-historie	96	34	det	den	DET	DET	Gender=Neut|Number=Sing|PronType=Dem	35	det
aarets-historie	96	35	samme	samme	ADJ	ADJ	Degree=Pos	27	acl:relcl
aarets-historie	96	36	,	,	PUNCT	PUNCT	_	39	punct
aarets-historie	96	37	og	og	CCONJ	CCONJ	_	39	cc
aarets-historie	96	38	den	den	PRON	PRON	Case=Acc|Gender=Com|Number=Sing|Person=3|PronType=Prs	39	nsubj
aarets-historie	96	39	sagde	sige	VERB	VERB	Mood=Ind|Tense=Past|VerbForm=Fin|Voice=Act	21	conj
aarets-historie	96	40	dem	de	PRON	PRON	Case=Acc|Number=Plur|Person=3|PronType=Prs	39	nsubj
aarets-historie	96	41	:	:	PUNCT	PUNCT	_	39	punct
aarets-historie	96	42	»	»	NOUN	NOUN	Definite=Ind|Gender=Com|Number=Sing	45	punct
aarets-historie	96	43	det	det	PRON	PRON	Case=Acc|Gender=Neut|Number=Sing|Person=3|PronType=Prs	45	nsubj
aarets-historie	96	44	er	være	AUX	AUX	Mood=Ind|Tense=Pres|VerbForm=Fin|Voice=Act	45	cop
aarets-historie	96	45	Vinteren	vinter	NOUN	NOUN	Definite=Def|Gender=Com|Number=Sing	21	obl
aarets-historie	96	46	!	!	PUNCT	PUNCT	_	45	punct
aarets-historie	97	0	den	den	DET	DET	Gender=Com|Number=Sing|PronType=Dem	2	det
aarets-historie	97	1	gamle	gammel	ADJ	ADJ	Definite=Def|Degree=Pos|Number=Sing	2	amod
aarets-historie	97	2	Mand	Mand	NOUN	NOUN	Definite=Ind|Gender=Com|Number=Sing	2	ROOT
aarets-historie	97	3	fra	fra	ADP	ADP	AdpType=Prep	6	case
aarets-historie	97	4	det	den	DET	DET	Gender=Neut|Number=Sing|PronType=Dem	6	det
aarets-historie	97	5	forrige	forrige	ADJ	ADJ	Degree=Pos	6	amod
aarets-historie	97	6	År	År	NOUN	NOUN	Definite=Ind|Gender=Neut|Number=Sing	2	nmod
aarets-historie	97	7	.	.	PUNCT	PUNCT	_	2	punct
aarets-historie	98	0	Han	han	PRON	PRON	Case=Nom|Gender=Com|Number=Sing|Person=3|PronType=Prs	3	nsubj
aarets-historie	98	1	er	være	AUX	AUX	Mood=Ind|Tense=Pres|VerbForm=Fin|Voice=Act	3	cop
aarets-historie	98	2	ikke	ikke	ADV	ADV	_	3	advmod
aarets-historie	98	3	død	død	ADJ	ADJ	Definite=Ind|Degree=Pos|Gender=Com|Number=Sing	3	ROOT
aarets-historie	98	4	,	,	PUNCT	PUNCT	_	3	punct
aarets-historie	98	5	som	som	PRON	PRON	PartType=Inf	7	obj
aarets-historie	98	6	Almanaken	almanake	NOUN	NOUN	Definite=Def|Gender=Com|Number=Sing	7	nsubj
aarets-historie	98	7	siger	sige	VERB	VERB	Mood=Ind|Tense=Pres|VerbForm=Fin|Voice=Act	3	acl:relcl
aarets-historie	98	8	,	,	PUNCT	PUNCT	_	10	punct
aarets-historie	98	9	men	men	CCONJ	CCONJ	_	10	cc
aarets-historie	98	10	Formynder	formynder	VERB	VERB	Mood=Ind|Tense=Pres|VerbForm=Fin|Voice=Act	7	conj
aarets-historie	98	11	for	for	ADP	ADP	AdpType=Prep	12	case
aarets-historie	98	12	Våren	vår	NOUN	NOUN	Definite=Def|Gender=Com|Number=Sing	10	obl
aarets-historie	98	13	,	,	PUNCT	PUNCT	_	10	punct
aarets-historie	98	14	som	som	PRON	PRON	PartType=Inf	15	nsubj
aarets-historie	98	15	kommer	komme	VERB	VERB	Mood=Ind|Tense=Pres|VerbForm=Fin|Voice=Act	10	advcl
aarets-historie	98	16	!	!	PUNCT	PUNCT	_	3	punct
aarets-historie	98	17	«	«	NOUN	NOUN	Definite=Ind|Gender=Com|Number=Sing	17	ROOT
aarets-historie	98	18	"
"	"
"	SPACE	SPACE	_	17	dep
aarets-historie	98	19	»	»	PROPN	PROPN	_	17	punct
aarets-historie	98	20	Når	når	ADV	ADV	_	21	advmod
aarets-historie	98	21	kommer	komme	VERB	VERB	Mood=Ind|Tense=Pres|VerbForm=Fin|Voice=Act	21	ROOT
aarets-historie	98	22	Våren	Våren	NOUN	NOUN	Definite=Def|Gender=Com|Number=Sing	21	nsubj
aarets-historie	98	23	!	!	PUNCT	PUNCT	_	21	punct
aarets-historie	98	24	«	«	NOUN	NOUN	Definite=Ind|Gender=Com|Number=Sing	26	nsubj
aarets-historie	98	25	"
"	"
"	SPACE	SPACE	_	24	dep
aarets-historie	98	26	sagde	sige	VERB	VERB	Mood=Ind|Tense=Past|VerbForm=Fin|Voice=Act	26	ROOT
aarets-historie	98	27	Spurvene	Spurv	NOUN	NOUN	Definite=Def|Gender=Com|Number=Plur	26	nsubj
aarets-historie	98	28	,	,	PUNCT	PUNCT	_	26	punct
aarets-historie	98	29	»	»	NOUN	NOUN	Definite=Ind|Gender=Com|Number=Sing	26	dep
aarets-historie	98	30	så	så	ADV	ADV	_	31	advmod
aarets-historie	98	31	fåe	fåe	ADJ	ADJ	Degree=Pos	26	dep
aarets-historie	98	32	vi	vi	PRON	PRON	Case=Nom|Gender=Com|Number=Plur|Person=1|PronType=Prs	31	obj
aarets-historie	98	33	god	god	ADJ	ADJ	Definite=Ind|Degree=Pos|Gender=Com|Number=Sing	34	amod
aarets-historie	98	34	Tid	tid	NOUN	NOUN	Definite=Ind|Gender=Com|Number=Sing	31	obj
aarets-historie	98	35	,	,	PUNCT	PUNCT	_	38	punct
aarets-historie	98	36	og	og	CCONJ	CCONJ	_	38	cc
aarets-historie	98	37	bedre	god	ADJ	ADJ	Degree=Cmp	38	amod
aarets-historie	98	38	Regimente	Regimente	NOUN	NOUN	Definite=Ind|Gender=Com|Number=Plur	26	conj
aarets-historie	98	39	!	!	PUNCT	PUNCT	_	38	punct
aarets-historie	99	0	det	den	DET	DET	Gender=Neut|Number=Sing|PronType=Dem	1	det
aarets-historie	99	1	gamle	gammel	ADJ	ADJ	Definite=Def|Degree=Pos|Number=Sing	2	nsubj
aarets-historie	99	2	duede	due	VERB	VERB	Mood=Ind|Tense=Past|VerbForm=Fin|Voice=Act	2	ROOT
aarets-historie	99	3	ikke	ikke	ADV	ADV	_	2	advmod
aarets-historie	99	4	.	.	PUNCT	PUNCT	_	2	punct
aarets-historie	99	5	«	«	NOUN	NOUN	Definite=Ind|Gender=Com|Number=Sing	5	ROOT
aarets-historie	99	6	"
"	"
"	SPACE	SPACE	_	5	dep
aarets-historie	99	7	Og	og	CCONJ	CCONJ	_	11	cc
aarets-historie	99	8	i	i	ADP	ADP	AdpType=Prep	10	case
aarets-historie	99	9	stille	stille	ADJ	ADJ	Degree=Pos	10	amod
aarets-historie	99	10	Tanker	Tanke	NOUN	NOUN	Definite=Ind|Gender=Com|Number=Plur	11	obl
aarets-historie	99	11	nikkede	nikke	VERB	VERB	Mood=Ind|Tense=Past|VerbForm=Fin|Voice=Act	11	ROOT
aarets-historie	99	12	Vinteren	vinter	NOUN	NOUN	Definite=Def|Gender=Com|Number=Sing	11	nsubj
aarets-historie	99	13	til	til	ADP	ADP	AdpType=Prep	18	case
aarets-historie	99	14	den	den	DET	DET	Gender=Com|Number=Sing|PronType=Dem	18	det
aarets-historie	99	15	bladløse	bladløs	ADJ	ADJ	Definite=Def|Degree=Pos|Number=Sing	18	amod
aarets-historie	99	16	,	,	PUNCT	PUNCT	_	18	punct
aarets-historie	99	17	sorte	sort	ADJ	ADJ	Definite=Def|Degree=Pos|Number=Sing	18	amod
aarets-historie	99	18	Skov	Skov	PROPN	PROPN	_	12	nmod
aarets-historie	99	19	,	,	PUNCT	PUNCT	_	18	punct
aarets-historie	99	20	hvor	hvor	ADV	ADV	_	23	advmod
aarets-historie	99	21	hvert	hver	PRON	PRON	Gender=Neut|Number=Sing|PronType=Ind	22	mark
aarets-historie	99	22	Træ	Træ	NOUN	NOUN	Definite=Ind|Gender=Neut|Number=Sing	23	nsubj
aarets-historie	99	23	viste	vise	VERB	VERB	Mood=Ind|Tense=Past|VerbForm=Fin|Voice=Act	18	acl:relcl
aarets-historie	99	24	Grenenes	Grenene	NOUN	NOUN	Case=Gen|Definite=Def|Gender=Com|Number=Plur	26	nmod:poss
aarets-historie	99	25	dejlige	dejlig	ADJ	ADJ	Definite=Def|Degree=Pos|Number=Sing	26	amod
aarets-historie	99	26	Form	form	NOUN	NOUN	Definite=Ind|Gender=Com|Number=Sing	23	obj
aarets-historie	99	27	og	og	CCONJ	CCONJ	_	28	cc
aarets-historie	99	28	Bøjning	Bøjning	NOUN	NOUN	Definite=Ind|Gender=Com|Number=Sing	26	conj
aarets-historie	99	29	;	;	PUNCT	PUNCT	_	33	punct
aarets-historie	99	30	og	og	CCONJ	CCONJ	_	33	cc
aarets-historie	99	31	under	under	ADP	ADP	AdpType=Prep	32	case
aarets-historie	99	32	Vinterblundet	Vinterblundet	NOUN	NOUN	Definite=Def|Gender=Neut|Number=Sing	33	obl
aarets-historie	99	33	sænkede	sænke	VERB	VERB	Mood=Ind|Tense=Past|VerbForm=Fin|Voice=Act	23	conj
aarets-historie	99	34	sig	sig	PRON	PRON	Case=Acc|Person=3|PronType=Prs|Reflex=Yes	33	iobj
aarets-historie	99	35	Skyernes	Skyerne	PROPN	PROPN	Case=Gen	37	nmod:poss
aarets-historie	99	36	iskolde	iskold	ADJ	ADJ	Definite=Def|Degree=Pos|Number=Sing	37	amod
aarets-historie	99	37	Tåger	Tåger	NOUN	NOUN	Definite=Ind|Gender=Com|Number=Sing	33	obj
aarets-historie	99	38	,	,	PUNCT	PUNCT	_	37	punct
aarets-historie	99	39	–	–	CCONJ	CCONJ	_	37	dep
aarets-historie	99	40	Herskeren	Hersker	NOUN	NOUN	Definite=Def|Gender=Com|Number=Sing	41	nsubj
aarets-historie	99	41	drømte	drømme	VERB	VERB	Mood=Ind|Tense=Past|VerbForm=Fin|Voice=Act	11	amod
aarets-historie	99	42	om	om	ADP	ADP	AdpType=Prep	44	case
aarets-historie	99	43	sin	sin	DET	DET	Gender=Com|Number=Sing|Number[psor]=Sing|Person=3|Poss=Yes|PronType=Prs|Reflex=Yes	44	det
aarets-historie	99	44	Ungdoms	Ungdom	NOUN	NOUN	Case=Gen|Definite=Ind|Gender=Com|Number=Sing	41	obl
aarets-historie	99	45	og	og	CCONJ	CCONJ	_	48	cc
aarets-historie	99	46	sin	sin	DET	DET	Gender=Com|Number=Sing|Number[psor]=Sing|Person=3|Poss=Yes|PronType=Prs|Reflex=Yes	47	det
aarets-historie	99	47	Manddoms	Manddoms	PROPN	PROPN	Case=Gen	48	nmod:poss
aarets-historie	99	48	Tid	tid	NOUN	NOUN	Definite=Ind|Gender=Com|Number=Sing	44	conj
aarets-historie	99	49	,	,	PUNCT	PUNCT	_	53	punct
aarets-historie	99	50	og	og	CCONJ	CCONJ	_	53	cc
aarets-historie	99	51	ved	ved	ADP	ADP	AdpType=Prep	52	case
aarets-historie	99	52	Dagningen	Dagning	NOUN	NOUN	Definite=Def|Gender=Com|Number=Sing	53	obl
aarets-historie	99	53	stod	stå	VERB	VERB	Mood=Ind|Tense=Past|VerbForm=Fin|Voice=Act	41	conj
aarets-historie	99	54	hele	hel	ADJ	ADJ	Definite=Def|Degree=Pos|Number=Sing	55	amod
aarets-historie	99	55	Skoven	skov	NOUN	NOUN	Definite=Def|Gender=Com|Number=Sing	53	nsubj
aarets-historie	99	56	dejlig	dejlig	ADJ	ADJ	Definite=Ind|Degree=Pos|Gender=Com|Number=Sing	53	amod
aarets-historie	99	57	med	med	ADP	ADP	AdpType=Prep	58	case
aarets-historie	99	58	Rimfrost	Rimfrost	PROPN	PROPN	_	56	obl
aarets-historie	99	59	,	,	PUNCT	PUNCT	_	53	punct
aarets-historie	99	60	det	det	PRON	PRON	Case=Acc|Gender=Neut|Number=Sing|Person=3|PronType=Prs	63	nsubj
aarets-historie	99	61	var	være	AUX	AUX	Mood=Ind|Tense=Past|VerbForm=Fin|Voice=Act	63	cop
aarets-historie	99	62	Vinterens	Vinterens	PROPN	PROPN	Case=Gen	63	nmod:poss
aarets-historie	99	63	Sommerdrøm	sommerdrøm	PROPN	PROPN	_	11	obl
aarets-historie	99	64	;	;	PUNCT	PUNCT	_	66	punct
aarets-historie	99	65	Solskinnet	solskinn	NOUN	NOUN	Definite=Def|Gender=Neut|Number=Sing	66	nsubj
aarets-historie	99	66	dryssede	drysse	VERB	VERB	Mood=Ind|Tense=Past|VerbForm=Fin|Voice=Act	11	conj
aarets-historie	99	67	Rimfrost	Rimfrost	PROPN	PROPN	_	66	obj
aarets-historie	99	68	fra	fra	ADP	ADP	AdpType=Prep	69	case
aarets-historie	99	69	Grenene	Grenene	NOUN	NOUN	Definite=Def|Gender=Neut|Number=Plur	66	obl
aarets-historie	99	70	.	.	PUNCT	PUNCT	_	66	punct
aarets-historie	100	0	»	»	PUNCT	PUNCT	_	2	punct
aarets-historie	100	1	Når	når	ADV	ADV	_	2	advmod
aarets-historie	100	2	kommer	komme	VERB	VERB	Mood=Ind|Tense=Pres|VerbForm=Fin|Voice=Act	2	ROOT
aarets-historie	100	3	Våren	Våren	NOUN	NOUN	Definite=Def|Gender=Com|Number=Sing	2	nsubj
aarets-historie	100	4	?	?	PUNCT	PUNCT	_	2	punct
aarets-historie	100	5	«	«	NOUN	NOUN	Definite=Ind|Gender=Com|Number=Sing	7	nsubj
aarets-historie	100	6	"
"	"
"	SPACE	SPACE	_	5	dep
aarets-historie	100	7	spurgte	spørge	VERB	VERB	Mood=Ind|Tense=Past|VerbForm=Fin|Voice=Act	7	ROOT
aarets-historie	100	8	Spurvene	Spurvene	NOUN	NOUN	Definite=Def|Gender=Com|Number=Plur	7	nsubj
aarets-historie	100	9	.	.	PUNCT	PUNCT	_	7	punct
aarets-historie	101	0	»	»	NOUN	NOUN	Definite=Ind|Gender=Com|Number=Sing	1	punct
aarets-historie	101	1	Våren	Våren	NOUN	NOUN	Definite=Def|Gender=Com|Number=Sing	5	nsubj
aarets-historie	101	2	!	!	PUNCT	PUNCT	_	1	punct
aarets-historie	101	3	«	«	NOUN	NOUN	Definite=Ind|Gender=Com|Number=Sing	1	list
aarets-historie	101	4	"
"	"
"	SPACE	SPACE	_	3	dep
aarets-historie	101	5	lød	lyde	VERB	VERB	Mood=Ind|Tense=Past|VerbForm=Fin|Voice=Act	5	ROOT
aarets-historie	101	6	det	det	PRON	PRON	Case=Acc|Gender=Neut|Number=Sing|Person=3|PronType=Prs	5	nsubj
aarets-historie	101	7	som	som	ADP	ADP	PartType=Inf	8	case
aarets-historie	101	8	Eccho	Eccho	PROPN	PROPN	_	5	obl
aarets-historie	101	9	fra	fra	ADP	ADP	AdpType=Prep	11	case
aarets-historie	101	10	de	den	DET	DET	Number=Plur|PronType=Dem	11	det
aarets-historie	101	11	Banker	Bank	NOUN	NOUN	Definite=Ind|Gender=Com|Number=Plur	5	obl
aarets-historie	101	12	,	,	PUNCT	PUNCT	_	11	punct
aarets-historie	101	13	hvor	hvor	ADV	ADV	_	14	advmod
aarets-historie	101	14	snen	sn	NOUN	NOUN	Definite=Def|Gender=Com|Number=Sing	11	nmod
aarets-historie	101	15	låe	låe	NOUN	NOUN	Definite=Ind|Gender=Com|Number=Sing	14	appos
aarets-historie	101	16	.	.	PUNCT	PUNCT	_	5	punct
aarets-historie	102	0	Og	og	CCONJ	CCONJ	_	2	cc
aarets-historie	102	1	Solen	sol	NOUN	NOUN	Definite=Def|Gender=Com|Number=Sing	2	nsubj
aarets-historie	102	2	skinnede	skinne	VERB	VERB	Mood=Ind|Tense=Past|VerbForm=Fin|Voice=Act	2	ROOT
aarets-historie	102	3	mere	mere	ADV	ADV	Degree=Cmp	2	advmod
aarets-historie	102	4	og	og	CCONJ	CCONJ	_	6	cc
aarets-historie	102	5	mere	mere	ADV	ADV	Degree=Cmp	6	advmod
aarets-historie	102	6	varm	varm	ADJ	ADJ	Definite=Ind|Degree=Pos|Gender=Com|Number=Sing	3	conj
aarets-historie	102	7	,	,	PUNCT	PUNCT	_	9	punct
aarets-historie	102	8	snen	sn	NOUN	NOUN	Definite=Def|Gender=Com|Number=Sing	2	obj
aarets-historie	102	9	smeltede	smelte	VERB	VERB	Mood=Ind|Tense=Past|VerbForm=Fin|Voice=Act	2	conj
aarets-historie	102	10	,	,	PUNCT	PUNCT	_	9	punct
aarets-historie	102	11	Fuglene	Fuglene	NOUN	NOUN	Definite=Def|Gender=Com|Number=Plur	2	obj
aarets-historie	102	12	qviddrede	qviddrede	ADV	ADV	_	2	advmod:lmod
aarets-historie	102	13	:	:	PUNCT	PUNCT	_	12	punct
aarets-historie	102	14	»	»	NOUN	NOUN	Definite=Ind|Gender=Com|Number=Sing	2	conj
aarets-historie	102	15	Våren	Våren	NOUN	NOUN	Definite=Def|Gender=Com|Number=Sing	16	nsubj
aarets-historie	102	16	kommer	komme	VERB	VERB	Mood=Ind|Tense=Pres|VerbForm=Fin|Voice=Act	16	ROOT
aarets-historie	102	17	!	!	PUNCT	PUNCT	_	16	punct
aarets-historie	102	18	«	«	NOUN	NOUN	Definite=Ind|Gender=Com|Number=Sing	18	ROOT
aarets-historie	102	19	"
"	"
"	SPACE	SPACE	_	18	dep
aarets-historie	102	20	Og	og	CCONJ	CCONJ	_	24	cc
aarets-historie	102	21	højt	højt	ADV	ADV	Degree=Pos	24	advmod
aarets-historie	102	22	gennem	gennem	ADP	ADP	AdpType=Prep	23	case
aarets-historie	102	23	Luften	Luft	NOUN	NOUN	Definite=Def|Gender=Com|Number=Sing	21	obl
aarets-historie	102	24	kom	komme	VERB	VERB	Mood=Ind|Tense=Past|VerbForm=Fin|Voice=Act	24	ROOT
aarets-historie	102	25	den	den	DET	DET	Gender=Com|Number=Sing|PronType=Dem	27	det
aarets-historie	102	26	første	første	ADJ	ADJ	Degree=Pos	27	amod
aarets-historie	102	27	Stork	Stork	NOUN	NOUN	Definite=Ind|Gender=Com|Number=Sing	24	nsubj
aarets-historie	102	28	,	,	PUNCT	PUNCT	_	27	punct
aarets-historie	102	29	den	den	DET	DET	Gender=Com|Number=Sing|PronType=Dem	31	nsubj
aarets-historie	102	30	anden	anden	PRON	PRON	Gender=Com|Number=Sing|PronType=Ind	29	nmod
aarets-historie	102	31	fulgte	følge	VERB	VERB	Mood=Ind|Tense=Past|VerbForm=Fin|Voice=Act	27	acl:relcl
aarets-historie	102	32	;	;	PUNCT	PUNCT	_	31	punct
aarets-historie	102	33	et	en	DET	DET	Gender=Neut|Number=Sing|PronType=Ind	35	det
aarets-historie	102	34	dejligt	dejlig	ADJ	ADJ	Definite=Ind|Degree=Pos|Gender=Neut|Number=Sing	35	amod
aarets-historie	102	35	Barn	Barn	NOUN	NOUN	Definite=Ind|Gender=Neut|Number=Sing	36	nsubj
aarets-historie	102	36	sad	sidde	VERB	VERB	Mood=Ind|Tense=Past|VerbForm=Fin|Voice=Act	27	acl:relcl
aarets-historie	102	37	på	på	ADP	ADP	AdpType=Prep	38	case
aarets-historie	102	38	Ryggen	Ryggen	NOUN	NOUN	Definite=Def|Gender=Com|Number=Sing	36	obl
aarets-historie	102	39	af	af	ADP	ADP	AdpType=Prep	40	case
aarets-historie	102	40	hver	hver	PRON	PRON	Gender=Com|Number=Sing|PronType=Ind	38	nmod
aarets-historie	102	41	,	,	PUNCT	PUNCT	_	44	punct
aarets-historie	102	42	og	og	CCONJ	CCONJ	_	44	cc
aarets-historie	102	43	de	de	PRON	PRON	Case=Nom|Number=Plur|Person=3|PronType=Prs	44	nsubj
aarets-historie	102	44	dalede	dale	VERB	VERB	Mood=Ind|Tense=Past|VerbForm=Fin|Voice=Act	36	conj
aarets-historie	102	45	ned	ned	ADV	ADV	_	44	advmod:lmod
aarets-historie	102	46	på	på	ADP	ADP	AdpType=Prep	49	case
aarets-historie	102	47	den	den	DET	DET	Gender=Com|Number=Sing|PronType=Dem	49	det
aarets-historie	102	48	åbne	åben	ADJ	ADJ	Definite=Def|Degree=Pos|Number=Sing	49	amod
aarets-historie	102	49	Mark	Mark	PROPN	PROPN	_	45	obl
aarets-historie	102	50	og	og	CCONJ	CCONJ	_	52	cc
aarets-historie	102	51	de	de	PRON	PRON	Case=Nom|Number=Plur|Person=3|PronType=Prs	52	nsubj
aarets-historie	102	52	kyssede	kysse	VERB	VERB	Mood=Ind|Tense=Past|VerbForm=Fin|Voice=Act	44	conj
aarets-historie	102	53	Jorden	Jorden	NOUN	NOUN	_	52	obj
aarets-historie	102	54	,	,	PUNCT	PUNCT	_	57	punct
aarets-historie	102	55	og	og	CCONJ	CCONJ	_	57	cc
aarets-historie	102	56	de	de	PRON	PRON	Case=Nom|Number=Plur|Person=3|PronType=Prs	57	nsubj
aarets-historie	102	57	kyssede	kysse	VERB	VERB	Mood=Ind|Tense=Past|VerbForm=Fin|Voice=Act	52	conj
aarets-historie	102	58	den	den	DET	DET	Gender=Com|Number=Sing|PronType=Dem	61	det
aarets-historie	102	59	gamle	gammel	ADJ	ADJ	Definite=Def|Degree=Pos|Number=Sing	61	amod
aarets-historie	102	60	stille	stille	ADJ	ADJ	Degree=Pos	61	amod
aarets-historie	102	61	Mand	Mand	NOUN	NOUN	Definite=Ind|Gender=Com|Number=Sing	57	obj
aarets-historie	102	62	,	,	PUNCT	PUNCT	_	66	punct
aarets-historie	102	63	og	og	CCONJ	CCONJ	_	66	cc
aarets-historie	102	64	som	som	ADP	ADP	PartType=Inf	66	dep
aarets-historie	102	65	,	,	PUNCT	PUNCT	_	64	punct
aarets-historie	102	66	svandt	svandt	VERB	VERB	Mood=Ind|Tense=Past|VerbForm=Fin|Voice=Act	57	conj
aarets-historie	102	67	han	han	PRON	PRON	Case=Nom|Gender=Com|Number=Sing|Person=3|PronType=Prs	66	nsubj
aarets-historie	102	68	,	,	PUNCT	PUNCT	_	66	punct
aarets-historie	102	69	båret	båret	VERB	VERB	Definite=Ind|Number=Sing|Tense=Past|VerbForm=Part	66	xcomp
aarets-historie	102	70	af	af	ADP	ADP	AdpType=Prep	71	case
aarets-historie	102	71	Skytågen	skytågen	NOUN	NOUN	Definite=Def|Gender=Com|Number=Sing	69	obl
aarets-historie	102	72	.	.	PUNCT	PUNCT	_	36	punct
aarets-historie	103	0	Årets	Årets	NOUN	NOUN	Case=Gen|Definite=Def|Gender=Neut|Number=Sing	3	nsubj
aarets-historie	103	1	Historie	historie	NOUN	NOUN	Definite=Ind|Gender=Com|Number=Sing	0	nmod:poss
aarets-historie	103	2	var	være	AUX	AUX	Mood=Ind|Tense=Past|VerbForm=Fin|Voice=Act	3	aux
aarets-historie	103	3	endt	ende	VERB	VERB	Definite=Ind|Number=Sing|Tense=Past|VerbForm=Part	3	ROOT
aarets-historie	103	4	.	.	PUNCT	PUNCT	_	3	punct
aarets-historie	104	0	»	»	NOUN	NOUN	Definite=Ind|Gender=Com|Number=Sing	4	punct
aarets-historie	104	1	Det	det	PRON	PRON	Case=Acc|Gender=Neut|Number=Sing|Person=3|PronType=Prs	4	nsubj
aarets-historie	104	2	er	være	AUX	AUX	Mood=Ind|Tense=Pres|VerbForm=Fin|Voice=Act	4	cop
aarets-historie	104	3	meget	meget	ADV	ADV	Degree=Pos	4	advmod
aarets-historie	104	4	rigtigt	rigtig	ADJ	ADJ	Definite=Ind|Degree=Pos|Gender=Neut|Number=Sing	4	ROOT
aarets-historie	104	5	!	!	PUNCT	PUNCT	_	4	punct
aarets-historie	104	6	«	«	NOUN	NOUN	Definite=Ind|Gender=Com|Number=Sing	8	nsubj
aarets-historie	104	7	"
"	"
"	SPACE	SPACE	_	6	dep
aarets-historie	104	8	sagde	sige	VERB	VERB	Mood=Ind|Tense=Past|VerbForm=Fin|Voice=Act	8	ROOT
aarets-historie	104	9	Spurvene	Spurv	NOUN	NOUN	Definite=Def|Gender=Com|Number=Plur	8	nsubj
aarets-historie	104	10	,	,	PUNCT	PUNCT	_	11	punct
aarets-historie	104	11	»	»	NOUN	NOUN	Definite=Ind|Gender=Com|Number=Sing	9	conj
aarets-historie	104	12	og	og	CCONJ	CCONJ	_	17	cc
aarets-historie	104	13	det	det	PRON	PRON	Case=Acc|Gender=Neut|Number=Sing|Person=3|PronType=Prs	17	nsubj
aarets-historie	104	14	er	være	AUX	AUX	Mood=Ind|Tense=Pres|VerbForm=Fin|Voice=Act	17	cop
aarets-historie	104	15	også	også	ADV	ADV	_	17	advmod
aarets-historie	104	16	meget	meget	ADV	ADV	Degree=Pos	17	advmod
aarets-historie	104	17	kønt	køn	ADJ	ADJ	Definite=Ind|Degree=Pos|Gender=Neut|Number=Sing	8	conj
aarets-historie	104	18	,	,	PUNCT	PUNCT	_	21	punct
aarets-historie	104	19	men	men	CCONJ	CCONJ	_	21	cc
aarets-historie	104	20	det	det	PRON	PRON	Case=Acc|Gender=Neut|Number=Sing|Person=3|PronType=Prs	21	nsubj
aarets-historie	104	21	er	være	VERB	VERB	Mood=Ind|Tense=Pres|VerbForm=Fin|Voice=Act	8	conj
aarets-historie	104	22	ikke	ikke	ADV	ADV	_	21	advmod
aarets-historie	104	23	efter	efter	ADP	ADP	AdpType=Prep	24	case
aarets-historie	104	24	Almanaken	Almanaken	NOUN	NOUN	Definite=Def|Gender=Com|Number=Sing	21	obl
aarets-historie	104	25	,	,	PUNCT	PUNCT	_	30	punct
aarets-historie	104	26	og	og	CCONJ	CCONJ	_	30	cc
aarets-historie	104	27	så	så	ADV	ADV	_	30	advmod
aarets-historie	104	28	er	være	AUX	AUX	Mood=Ind|Tense=Pres|VerbForm=Fin|Voice=Act	30	cop
aarets-historie	104	29	det	det	PRON	PRON	Case=Acc|Gender=Neut|Number=Sing|Person=3|PronType=Prs	30	nsubj
aarets-historie	104	30	galt	gal	ADJ	ADJ	Definite=Ind|Degree=Pos|Gender=Neut|Number=Sing	21	conj
aarets-historie	104	31	!	!	PUNCT	PUNCT	_	8	punct
aarets-historie	104	32	«	«	NOUN	NOUN	Definite=Ind|Gender=Com|Number=Sing	32	ROOT
